Unity Editor version:    6000.5.3f1 (c2eb47b3a2a9)
Branch:                  6000.5/staging
Build type:              Release
Batch mode:              NO
macOS version:           Version 26.6.2 (Build 25G83)
Darwin version:          25.6.0
Architecture:            arm64
Running under Rosetta:   NO
Available memory:        16384 MB
Date:                    2026-09-28T09:41:09Z
[Licensing::Module] Trying to connect to existing licensing client channel...
[Licensing::IpcConnector] Successfully connected to: "LicenseClient-ocean" at "2026-09-28T09:41:09.513599Z"

COMMAND LINE ARGUMENTS:
/Applications/Unity/Hub/Editor/6000.5.3f1/Unity.app/Contents/MacOS/Unity
-projectpath
/Users/ocean/Desktop/Create with Code/Arena Last Fight
-acceptSoftwareTermsForThisRunOnly
-useHub
-hubIPC
-cloudEnvironment
production
-licensingIpc
LicenseClient-ocean
-hubSessionId
b0f1b6e4-a5a4-444e-acb0-8a274f481e25
-accessToken
IBOj694_2j77C3wjD5QqqdabEYkuK5IRHFV80BfV6Gc011f
Successfully changed project path to: /Users/ocean/Desktop/Create with Code/Arena Last Fight
/Users/ocean/Desktop/Create with Code/Arena Last Fight
[UnityMemory] Configuration Parameters - Can be set up in boot.config
    "memorysetup-temp-allocator-size-gi-baking-worker=262144"
    "memorysetup-temp-allocator-size-gi-baking-worker=262144"
    "memorysetup-temp-allocator-size-gi-baking-worker=262144"
    "memorysetup-temp-allocator-size-gi-baking-worker=262144"
    "memorysetup-temp-allocator-size-gi-baking-worker=262144"
    "memorysetup-temp-allocator-size-nav-mesh-worker=65536"
    "memorysetup-temp-allocator-size-audio-worker=65536"
    "memorysetup-temp-allocator-size-cloud-worker=32768"
    "memorysetup-allocator-temp-initial-block-size-main=262144"
    "memorysetup-allocator-temp-initial-block-size-worker=262144"
    "memorysetup-temp-allocator-size-preload-manager=33554432"
    "memorysetup-temp-allocator-size-gfx=262144"
    "memorysetup-temp-allocator-size-background-worker=32768"
    "memorysetup-temp-allocator-size-job-worker=262144"
    "memorysetup-bucket-allocator-granularity=16"
    "memorysetup-bucket-allocator-bucket-count=8"
    "memorysetup-bucket-allocator-block-size=33554432"
    "memorysetup-bucket-allocator-block-count=8"
    "memorysetup-main-allocator-block-size=16777216"
    "memorysetup-thread-allocator-block-size=16777216"
    "memorysetup-main-allocator-mimalloc-enabled=0"
    "memorysetup-gfx-main-allocator-block-size=16777216"
    "memorysetup-gfx-thread-allocator-block-size=16777216"
    "memorysetup-cache-allocator-block-size=4194304"
    "memorysetup-typetree-allocator-block-size=2097152"
    "memorysetup-profiler-bucket-allocator-granularity=16"
    "memorysetup-profiler-bucket-allocator-bucket-count=8"
    "memorysetup-profiler-bucket-allocator-block-size=33554432"
    "memorysetup-profiler-bucket-allocator-block-count=8"
    "memorysetup-profiler-allocator-block-size=16777216"
    "memorysetup-profiler-editor-allocator-block-size=1048576"
    "memorysetup-temp-allocator-size-main=16777216"
    "memorysetup-job-temp-allocator-block-size=2097152"
    "memorysetup-job-temp-allocator-block-size-background=1048576"
    "memorysetup-job-temp-allocator-reduction-small-platforms=262144"
Player connection [8366088576]  Target information:

Player connection [8366088576]  * "[IP] 192.168.0.132 [Port] 55504 [Flags] 2 [Guid] 641587663 [EditorId] 641587663 [Version] 1048832 [Id] OSXEditor(0,Krisdipass-Laptop.local) [Debug] 1 [PackageName] OSXEditor [ProjectName] Editor" 

Player connection [8366088576] Host joined multi-casting on [225.0.0.222:54997]...
Player connection [8366088576] Host joined alternative multi-casting on [225.0.0.222:34997]...
Input System module state changed to: Initialized.
[Physics::Module] Initialized fallback backend.
[Physics::Module] Id: 0xdecafbad
[Licensing::Client] Handshaking with LicensingClient:
  Version:                 1.18.3+d7ffd15
  Session Id:              45b4097c65524c61aabe9d670eeafe89
  Correlation Id:          1720a51cc6ffa9688175ebcb82f1e329
  External correlation Id: 1952277922058913500
  Machine Id:              xFRuBs6/5eCP2pOyqJhQMoCG/2E=
[Licensing::Module] Successfully connected to LicensingClient on channel: "LicenseClient-ocean" (connect: 0.00s, validation: 0.00s, handshake: 0.59s)
[Licensing::IpcConnector] Successfully connected to: "LicenseClient-ocean-notifications" at "2026-09-28T09:41:10.101292Z"
[Licensing::Client] Successfully updated the access token
[Licensing::Module] Successfully updated the access token IBOj694_2j...
[Licensing::Client] Successfully resolved entitlement details
[Licensing::Module] License group:
  Id: 18968450114736-UnityPersXXXX
  Product: Unity Personal
  Type: Assigned
  Expiration: Unlimited
[Licensing::Client] Successfully updated license, isAsync: True, time: 0.00
[Package Manager] Connected to IPC stream "Upm-22284" after 0.2 seconds.
[Licensing::Client] Successfully resolved entitlement details
[Licensing::Module] Licensing Background thread has ended after 0.59s
[Licensing::Client] Successfully resolved entitlement details
Library Redirect Path: Library/
[Physics::Module] Selected backend.
[Physics::Module] Name: PhysX
[Physics::Module] Id: 0xf2b8ea05
[Physics::Module] SDK Version: 4.1.2
[Physics::Module] Integration Version: 1.0.0
[Physics::Module] Threading Mode: Multi-Threaded
Artifact Garbage Collection - Removed 2 unused hashed content files
Initialize engine version: 6000.5.3f1 (c2eb47b3a2a9)
[Subsystems] Discovering subsystems at path /Applications/Unity/Hub/Editor/6000.5.3f1/Unity.app/Contents/Resources/UnitySubsystems
[Subsystems] Discovering subsystems at path /Users/ocean/Desktop/Create with Code/Arena Last Fight/Assets
GfxDevice: creating device client; kGfxThreadingModeThreaded
 preferred device: Apple M2 (high power)
Metal devices available: 1
0: Apple M2 (high power)
Using device Apple M2 (high power)
Initializing Metal device caps: Apple M2
Mac GPU Family: 2
Apple GPU Family: 8
MSL Version: 3.0
Has Float MSAA: 1
Has Float Filtering: 1
ReadWrite Texture Tier: 2
Initialize mono
Mono path[0] = '/Applications/Unity/Hub/Editor/6000.5.3f1/Unity.app/Contents/Resources/Scripting/Managed'
Mono path[1] = '/Applications/Unity/Hub/Editor/6000.5.3f1/Unity.app/Contents/Resources/Scripting/BCLExtensions/runtime/netstandard2.1'
Mono path[2] = '/Applications/Unity/Hub/Editor/6000.5.3f1/Unity.app/Contents/Resources/Scripting/MonoBleedingEdge/lib/mono/unityjit-macos'
Mono config path = '/Applications/Unity/Hub/Editor/6000.5.3f1/Unity.app/Contents/Resources/Scripting/MonoBleedingEdge/etc'
Using monoOptions --debugger-agent=transport=dt_socket,embedding=1,server=y,suspend=n,address=127.0.0.1:56284
CodeReloadManager initialized
ImportWorker Server TCP listen port: 0
AcceleratorClientConnectionCallback - disconnected - :0
Begin MonoManager ReloadAssembly
Registering precompiled unity dll's ...
Register platform support module: /Applications/Unity/Hub/Editor/6000.5.3f1/PlaybackEngines/MacStandaloneSupport/UnityEditor.OSXStandalone.Extensions.dll
Register platform support module: /Applications/Unity/Hub/Editor/6000.5.3f1/PlaybackEngines/WindowsStandaloneSupport/UnityEditor.WindowsStandalone.Extensions.dll
[Licensing::Client] Successfully resolved entitlement details
Register platform support module: /Applications/Unity/Hub/Editor/6000.5.3f1/PlaybackEngines/iOSSupport/UnityEditor.iOS.Extensions.dll
Registered in 0.002865 seconds.
[usbmuxd] Start listen thread
[usbmuxd] Listen thread started
[usbmuxd] Send listen message
Native extension for iOS target not found
Native extension for WindowsStandalone target not found
Native extension for OSXStandalone target not found
Package Manager log level set to [2]
ScheduleIndexationOnStartup MainProcess:False IndexOnStartup:True
Mono: successfully reloaded assembly
- Finished resetting the current domain, in  0.398 seconds
Domain Reload Profiling: 798ms
	BeginReloadAssembly (126ms)
		CreateAndSetChildDomain (12ms)
	RebuildCommonClasses (3ms)
	RebuildNativeTypeToScriptingClass (18ms)
	initialDomainReloadingComplete (42ms)
	LoadAllAssembliesAndSetupDomain (211ms)
		LoadAssemblies (114ms)
		AnalyzeDomain (161ms)
			TypeCache.Refresh (160ms)
				TypeCache.ScanAssembly (144ms)
	FinalizeReload (398ms)
		SetupLoadedEditorAssemblies (0ms)
			InitializePlatformSupportModulesInManaged (137ms)
			BeforeProcessingInitializeOnLoad (51ms)
			ProcessInitializeOnLoadAttributes (68ms)
			ProcessInitializeOnLoadMethodAttributes (90ms)
[Licensing::Client] Successfully resolved entitlement details
Application.AssetDatabase Initial Refresh Start
[Package Manager] Restoring resolved packages state from cache
[Licensing::Client] Successfully resolved entitlement details
[Package Manager] Registered 59 packages:
  Packages from [https://packages.unity.com]:
    com.unity.ai.assistant@2.19.0-pre.2 (location: /Users/ocean/Desktop/Create with Code/Arena Last Fight/Library/PackageCache/com.unity.ai.assistant@8d1e3e89e3a7)
    com.unity.ai.inference@2.6.1 (location: /Users/ocean/Desktop/Create with Code/Arena Last Fight/Library/PackageCache/com.unity.ai.inference@9a123aee5df7)
    com.unity.cinemachine@3.1.7 (location: /Users/ocean/Desktop/Create with Code/Arena Last Fight/Library/PackageCache/com.unity.cinemachine@f3f96bcb59af)
    com.unity.inputsystem@1.19.0 (location: /Users/ocean/Desktop/Create with Code/Arena Last Fight/Library/PackageCache/com.unity.inputsystem@21a28c3a6c83)
    com.unity.splines@2.9.0 (location: /Users/ocean/Desktop/Create with Code/Arena Last Fight/Library/PackageCache/com.unity.splines@e6e1d5900acc)
    com.unity.burst@1.8.29 (location: /Users/ocean/Desktop/Create with Code/Arena Last Fight/Library/PackageCache/com.unity.burst@6bb9aca3ef38)
    com.unity.dt.app-ui@2.1.7 (location: /Users/ocean/Desktop/Create with Code/Arena Last Fight/Library/PackageCache/com.unity.dt.app-ui@b097002a00c2)
    com.unity.nuget.newtonsoft-json@3.2.2 (location: /Users/ocean/Desktop/Create with Code/Arena Last Fight/Library/PackageCache/com.unity.nuget.newtonsoft-json@4dfd81071c64)
    com.unity.nuget.mono-cecil@1.11.6 (location: /Users/ocean/Desktop/Create with Code/Arena Last Fight/Library/PackageCache/com.unity.nuget.mono-cecil@ecb9724e46ff)
    com.unity.searcher@4.9.4 (location: /Users/ocean/Desktop/Create with Code/Arena Last Fight/Library/PackageCache/com.unity.searcher@d45a78918735)
    com.unity.settings-manager@2.1.1 (location: /Users/ocean/Desktop/Create with Code/Arena Last Fight/Library/PackageCache/com.unity.settings-manager@0b8638c5ce86)
    com.unity.test-framework.performance@3.5.0 (location: /Users/ocean/Desktop/Create with Code/Arena Last Fight/Library/PackageCache/com.unity.test-framework.performance@8b56083ec0f0)
  Built-in packages:
    com.unity.multiplayer.center@1.0.1 (location: /Users/ocean/Desktop/Create with Code/Arena Last Fight/Library/PackageCache/com.unity.multiplayer.center@b860850997d0)
    com.unity.render-pipelines.universal@17.5.0 (location: /Users/ocean/Desktop/Create with Code/Arena Last Fight/Library/PackageCache/com.unity.render-pipelines.universal@276396f56b3f)
    com.unity.ugui@2.5.0 (location: /Users/ocean/Desktop/Create with Code/Arena Last Fight/Library/PackageCache/com.unity.ugui@377fd60ad87b)
    com.unity.modules.accessibility@1.0.0 (location: /Users/ocean/Desktop/Create with Code/Arena Last Fight/Library/PackageCache/com.unity.modules.accessibility)
    com.unity.modules.adaptiveperformance@1.0.0 (location: /Users/ocean/Desktop/Create with Code/Arena Last Fight/Library/PackageCache/com.unity.modules.adaptiveperformance)
    com.unity.modules.ai@1.0.0 (location: /Users/ocean/Desktop/Create with Code/Arena Last Fight/Library/PackageCache/com.unity.modules.ai)
    com.unity.modules.androidjni@1.0.0 (location: /Users/ocean/Desktop/Create with Code/Arena Last Fight/Library/PackageCache/com.unity.modules.androidjni)
    com.unity.modules.animation@1.0.0 (location: /Users/ocean/Desktop/Create with Code/Arena Last Fight/Library/PackageCache/com.unity.modules.animation)
    com.unity.modules.assetbundle@1.0.0 (location: /Users/ocean/Desktop/Create with Code/Arena Last Fight/Library/PackageCache/com.unity.modules.assetbundle)
    com.unity.modules.audio@1.0.0 (location: /Users/ocean/Desktop/Create with Code/Arena Last Fight/Library/PackageCache/com.unity.modules.audio)
    com.unity.modules.cloth@1.0.0 (location: /Users/ocean/Desktop/Create with Code/Arena Last Fight/Library/PackageCache/com.unity.modules.cloth)
    com.unity.modules.director@1.0.0 (location: /Users/ocean/Desktop/Create with Code/Arena Last Fight/Library/PackageCache/com.unity.modules.director)
    com.unity.modules.imageconversion@1.0.0 (location: /Users/ocean/Desktop/Create with Code/Arena Last Fight/Library/PackageCache/com.unity.modules.imageconversion)
    com.unity.modules.imgui@1.0.0 (location: /Users/ocean/Desktop/Create with Code/Arena Last Fight/Library/PackageCache/com.unity.modules.imgui)
    com.unity.modules.jsonserialize@1.0.0 (location: /Users/ocean/Desktop/Create with Code/Arena Last Fight/Library/PackageCache/com.unity.modules.jsonserialize)
    com.unity.modules.particlesystem@1.0.0 (location: /Users/ocean/Desktop/Create with Code/Arena Last Fight/Library/PackageCache/com.unity.modules.particlesystem)
    com.unity.modules.physics@1.0.0 (location: /Users/ocean/Desktop/Create with Code/Arena Last Fight/Library/PackageCache/com.unity.modules.physics)
    com.unity.modules.physics2d@1.0.0 (location: /Users/ocean/Desktop/Create with Code/Arena Last Fight/Library/PackageCache/com.unity.modules.physics2d)
    com.unity.modules.physicscore2d@1.0.0 (location: /Users/ocean/Desktop/Create with Code/Arena Last Fight/Library/PackageCache/com.unity.modules.physicscore2d)
    com.unity.modules.screencapture@1.0.0 (location: /Users/ocean/Desktop/Create with Code/Arena Last Fight/Library/PackageCache/com.unity.modules.screencapture)
    com.unity.modules.terrain@1.0.0 (location: /Users/ocean/Desktop/Create with Code/Arena Last Fight/Library/PackageCache/com.unity.modules.terrain)
    com.unity.modules.terrainphysics@1.0.0 (location: /Users/ocean/Desktop/Create with Code/Arena Last Fight/Library/PackageCache/com.unity.modules.terrainphysics)
    com.unity.modules.tilemap@1.0.0 (location: /Users/ocean/Desktop/Create with Code/Arena Last Fight/Library/PackageCache/com.unity.modules.tilemap)
    com.unity.modules.ui@1.0.0 (location: /Users/ocean/Desktop/Create with Code/Arena Last Fight/Library/PackageCache/com.unity.modules.ui)
    com.unity.modules.uielements@1.0.0 (location: /Users/ocean/Desktop/Create with Code/Arena Last Fight/Library/PackageCache/com.unity.modules.uielements)
    com.unity.modules.umbra@1.0.0 (location: /Users/ocean/Desktop/Create with Code/Arena Last Fight/Library/PackageCache/com.unity.modules.umbra)
    com.unity.modules.unityanalytics@1.0.0 (location: /Users/ocean/Desktop/Create with Code/Arena Last Fight/Library/PackageCache/com.unity.modules.unityanalytics)
    com.unity.modules.unitywebrequest@1.0.0 (location: /Users/ocean/Desktop/Create with Code/Arena Last Fight/Library/PackageCache/com.unity.modules.unitywebrequest)
    com.unity.modules.unitywebrequestassetbundle@1.0.0 (location: /Users/ocean/Desktop/Create with Code/Arena Last Fight/Library/PackageCache/com.unity.modules.unitywebrequestassetbundle)
    com.unity.modules.unitywebrequestaudio@1.0.0 (location: /Users/ocean/Desktop/Create with Code/Arena Last Fight/Library/PackageCache/com.unity.modules.unitywebrequestaudio)
    com.unity.modules.unitywebrequesttexture@1.0.0 (location: /Users/ocean/Desktop/Create with Code/Arena Last Fight/Library/PackageCache/com.unity.modules.unitywebrequesttexture)
    com.unity.modules.unitywebrequestwww@1.0.0 (location: /Users/ocean/Desktop/Create with Code/Arena Last Fight/Library/PackageCache/com.unity.modules.unitywebrequestwww)
    com.unity.modules.vectorgraphics@1.0.0 (location: /Users/ocean/Desktop/Create with Code/Arena Last Fight/Library/PackageCache/com.unity.modules.vectorgraphics)
    com.unity.modules.vehicles@1.0.0 (location: /Users/ocean/Desktop/Create with Code/Arena Last Fight/Library/PackageCache/com.unity.modules.vehicles)
    com.unity.modules.video@1.0.0 (location: /Users/ocean/Desktop/Create with Code/Arena Last Fight/Library/PackageCache/com.unity.modules.video)
    com.unity.modules.wind@1.0.0 (location: /Users/ocean/Desktop/Create with Code/Arena Last Fight/Library/PackageCache/com.unity.modules.wind)
    com.unity.modules.xr@1.0.0 (location: /Users/ocean/Desktop/Create with Code/Arena Last Fight/Library/PackageCache/com.unity.modules.xr)
    com.unity.modules.subsystems@1.0.0 (location: /Users/ocean/Desktop/Create with Code/Arena Last Fight/Library/PackageCache/com.unity.modules.subsystems)
    com.unity.modules.hierarchycore@1.0.0 (location: /Users/ocean/Desktop/Create with Code/Arena Last Fight/Library/PackageCache/com.unity.modules.hierarchycore)
    com.unity.render-pipelines.core@17.5.0 (location: /Users/ocean/Desktop/Create with Code/Arena Last Fight/Library/PackageCache/com.unity.render-pipelines.core@0733e3164aa3)
    com.unity.shadergraph@17.5.0 (location: /Users/ocean/Desktop/Create with Code/Arena Last Fight/Library/PackageCache/com.unity.shadergraph@8aa9acb51790)
    com.unity.render-pipelines.universal-config@17.5.0 (location: /Users/ocean/Desktop/Create with Code/Arena Last Fight/Library/PackageCache/com.unity.render-pipelines.universal-config@fdda01c80fe3)
    com.unity.collections@6.5.0 (location: /Users/ocean/Desktop/Create with Code/Arena Last Fight/Library/PackageCache/com.unity.collections@a43cabe808ca)
    com.unity.2d.sprite@1.0.0 (location: /Users/ocean/Desktop/Create with Code/Arena Last Fight/Library/PackageCache/com.unity.2d.sprite@053a968eab56)
    com.unity.mathematics@1.4.0 (location: /Users/ocean/Desktop/Create with Code/Arena Last Fight/Library/PackageCache/com.unity.mathematics@981956d94fb6)
    com.unity.test-framework@1.7.0 (location: /Users/ocean/Desktop/Create with Code/Arena Last Fight/Library/PackageCache/com.unity.test-framework@1405238725ab)
    com.unity.ext.nunit@2.1.0 (location: /Users/ocean/Desktop/Create with Code/Arena Last Fight/Library/PackageCache/com.unity.ext.nunit@44f7d31723bd)
[Subsystems] No new subsystems found in resolved package list.
[Package Manager] Done registering packages in 0.00 seconds
Assembly reference Packages/com.unity.cinemachine/Editor/Samples/ExposeHDRPInternals/HDRP-Editor-ref.asmref has no target assembly definition
Assembly reference Packages/com.unity.cinemachine/Editor/Samples/ExposeHDRPInternals/HDRP-Editor-ref.asmref has no target assembly definition
info: Microsoft.Hosting.Lifetime[14]
      Now listening on: http://unix:/tmp/ilpp.sock-0d655f47d9554b2d75876669d6abf31e
info: Microsoft.Hosting.Lifetime[0]
      Application started. Press Ctrl+C to shut down.
info: Microsoft.Hosting.Lifetime[0]
      Hosting environment: Production
info: Microsoft.Hosting.Lifetime[0]
      Content root path: /Users/ocean/Desktop/Create with Code/Arena Last Fight
info: Microsoft.AspNetCore.Hosting.Diagnostics[1]
      Request starting HTTP/2 POST http://ilpp/UnityILPP.PostProcessing/Ping - application/grpc -
info: Microsoft.AspNetCore.Routing.EndpointMiddleware[0]
      Executing endpoint 'gRPC - /UnityILPP.PostProcessing/Ping'
info: Microsoft.AspNetCore.Routing.EndpointMiddleware[1]
      Executed endpoint 'gRPC - /UnityILPP.PostProcessing/Ping'
info: Microsoft.AspNetCore.Hosting.Diagnostics[2]
      Request finished HTTP/2 POST http://ilpp/UnityILPP.PostProcessing/Ping - 200 - application/grpc 32.1623ms
Refreshing native plugins compatible for Editor in 2.10 ms, found 1 plugins.
Starting: /Applications/Unity/Hub/Editor/6000.5.3f1/Unity.app/Contents/Resources/BuildPipeline/bee_backend --ipc --defer-dag-verification --dagfile="Library/Bee/200b0aE.dag" --continue-on-failure --profile="Library/Bee/backend1.traceevents" ScriptAssemblies
WorkingDir: /Users/ocean/Desktop/Create with Code/Arena Last Fight
info: Microsoft.AspNetCore.Hosting.Diagnostics[1]
      Request starting HTTP/2 POST http://ilpp/UnityILPP.PostProcessing/ConfigurePostProcessors - application/grpc -
info: Microsoft.AspNetCore.Routing.EndpointMiddleware[0]
      Executing endpoint 'gRPC - /UnityILPP.PostProcessing/ConfigurePostProcessors'
warn: Unity.ILPP.Runner.PostProcessingAssemblyLoadContext[0]
      Assembly unityeditor.ios.extensions.xcode has duplicate hint path. Ignoring "/Applications/Unity/Hub/Editor/6000.5.3f1/PlaybackEngines/iOSSupport/UnityEditor.iOS.Extensions.Xcode.dll" in favor of "/Applications/Unity/Hub/Editor/6000.5.3f1/PlaybackEngines/MacStandaloneSupport/UnityEditor.iOS.Extensions.Xcode.dll"
warn: Unity.ILPP.Runner.PostProcessingAssemblyLoadContext[0]
      Assembly system.runtime.interopservices.windowsruntime has duplicate hint path. Ignoring "/Applications/Unity/Hub/Editor/6000.5.3f1/Unity.app/Contents/Resources/Scripting/UnityReferenceAssemblies/unity-4.8-api/Facades/System.Runtime.InteropServices.WindowsRuntime.dll" in favor of "/Applications/Unity/Hub/Editor/6000.5.3f1/Unity.app/Contents/Resources/Scripting/NetStandard/Extensions/2.0.0/System.Runtime.InteropServices.WindowsRuntime.dll"
warn: Unity.ILPP.Runner.PostProcessingAssemblyLoadContext[0]
      Assembly system.componentmodel.composition has duplicate hint path. Ignoring "/Applications/Unity/Hub/Editor/6000.5.3f1/Unity.app/Contents/Resources/Scripting/UnityReferenceAssemblies/unity-4.8-api/System.ComponentModel.Composition.dll" in favor of "/Applications/Unity/Hub/Editor/6000.5.3f1/Unity.app/Contents/Resources/Scripting/NetStandard/compat/2.1.0/shims/netfx/System.ComponentModel.Composition.dll"
info: Unity.ILPP.Runner.PostProcessingAssemblyLoadContext[0]
      Resolved Unity.Burst.Cecil, Version=0.11.6.0, Culture=neutral, PublicKeyToken=50cebf1cceb9d05e with Library/PackageCache/com.unity.burst@6bb9aca3ef38/Unity.Burst.CodeGen/Unity.Burst.Cecil.dll
info: Unity.ILPP.Runner.PostProcessingAssemblyLoadContext[0]
      Resolved Mono.Cecil, Version=0.11.5.0, Culture=neutral, PublicKeyToken=50cebf1cceb9d05e with Library/PackageCache/com.unity.nuget.mono-cecil@ecb9724e46ff/Mono.Cecil.dll
info: Microsoft.AspNetCore.Routing.EndpointMiddleware[1]
      Executed endpoint 'gRPC - /UnityILPP.PostProcessing/ConfigurePostProcessors'
info: Microsoft.AspNetCore.Hosting.Diagnostics[2]
      Request finished HTTP/2 POST http://ilpp/UnityILPP.PostProcessing/ConfigurePostProcessors - 200 - application/grpc 22.4514ms
ExitCode: 0 Duration: 2s336ms
[ 966/1302  0s] ILPP-Configuration Library/ilpp-configuration.nevergeneratedoutput
[1294/1302  2s] Csc Library/Bee/artifacts/200b0aE.dag/Assembly-CSharp.dll (+2 others)
*** Tundra build success (2.31 seconds), 2 items updated, 1302 evaluated
AssetDatabase: script compilation time: 3.107848s
Begin MonoManager ReloadAssembly
Symbol file LoadedFromMemory is not a mono symbol file
Symbol file LoadedFromMemory is not a mono symbol file
Assembly reference Packages/com.unity.cinemachine/Editor/Samples/ExposeHDRPInternals/HDRP-Editor-ref.asmref has no target assembly definition
'Packages/com.unity.cinemachine/Editor/Editors/CinemachineVirtualCameraBaseEditor.cs' contains partial class of Unity.Object, exactly 1 of the partial classes needs to be in a file with the same filename. This is to know the one that can be referenced from ie. GameObjects
'Packages/com.unity.cinemachine/Editor/Obsolete/CinemachineVirtualCameraBaseEditor.cs' contains partial class of Unity.Object, exactly 1 of the partial classes needs to be in a file with the same filename. This is to know the one that can be referenced from ie. GameObjects
Native extension for iOS target not found
Native extension for WindowsStandalone target not found
Native extension for OSXStandalone target not found
[Licensing::Client] Error: Code 404 while processing request (status: Found 0 entitlement groups and 0 free entitlements matching requested entitlement ids)
ScheduleIndexationOnStartup MainProcess:True IndexOnStartup:True
Mono: successfully reloaded assembly
Failed to find entry-points:
System.Exception: Error while loading assembly references for Unity.AI.Sound ---> System.ArgumentException: Byte array for GUID must be exactly 16 bytes long.
Parameter name: b
  at System.Guid..ctor (System.ReadOnlySpan`1[T] b) [0x0001a] in <299d5c9ae27b4d27af003e5f456f4b13>:0 
  at System.Guid..ctor (System.Byte[] b) [0x00016] in <299d5c9ae27b4d27af003e5f456f4b13>:0 
  at Burst.Compiler.IL.Hashing.Storage.ILHashingResultRuntime.GetHeader (System.String hashCachePath) [0x0002d] in <e55fa4270c8a4cb18b54084f9d890962>:0 
  at Burst.Compiler.IL.Hashing.CacheRuntime.HashCacheLoader.CreateHashingResult (Mono.Cecil.AssemblyNameReference assemblyNameReference, Burst.Compiler.IL.AssemblyLoader assemblyLoader, Burst.Compiler.IL.Helpers.DebugLogWriter debugLogWriter) [0x00046] in <e55fa4270c8a4cb18b54084f9d890962>:0 
  at Burst.Compiler.IL.Hashing.CacheRuntime.HashCacheAssemblyStore.GetAssemblyState (System.String assemblyName, Burst.Compiler.IL.AssemblyLoader assemblyLoader) [0x000a0] in <e55fa4270c8a4cb18b54084f9d890962>:0 
  at Burst.Compiler.IL.Server.EntryPointMethodFinder.LoadAllAssemblyReferences (Mono.Cecil.AssemblyDefinition asmDef, System.Collections.Generic.Dictionary`2[TKey,TValue] visited, System.Collections.Generic.Dictionary`2[TKey,TValue] jobProducers, Burst.Compiler.IL.Hashing.CacheRuntime.HashCacheAssemblyStore assemblyStore, Burst.Compiler.IL.AssemblyLoader assemblyLoader) [0x00025] in <e55fa4270c8a4cb18b54084f9d890962>:0 
  at Burst.Compiler.IL.Server.EntryPointMethodFinder.LoadAllAssemblyReferences (Mono.Cecil.AssemblyDefinition asmDef, System.Collections.Generic.Dictionary`2[TKey,TValue] visited, System.Collections.Generic.Dictionary`2[TKey,TValue] jobProducers, Burst.Compiler.IL.Hashing.CacheRuntime.HashCacheAssemblyStore assemblyStore, Burst.Compiler.IL.AssemblyLoader assemblyLoader) [0x0018a] in <e55fa4270c8a4cb18b54084f9d890962>:0 
  at Burst.Compiler.IL.Server.EntryPointMethodFinder.LoadAllAssemblyReferences (Mono.Cecil.AssemblyDefinition asmDef, System.Collections.Generic.Dictionary`2[TKey,TValue] visited, System.Collections.Generic.Dictionary`2[TKey,TValue] jobProducers, Burst.Compiler.IL.Hashing.CacheRuntime.HashCacheAssemblyStore assemblyStore, Burst.Compiler.IL.AssemblyLoader assemblyLoader) [0x0018a] in <e55fa4270c8a4cb18b54084f9d890962>:0 
  at Burst.Compiler.IL.Server.EntryPointMethodFinder.LoadAllAssemblyReferences (Mono.Cecil.AssemblyDefinition asmDef, System.Collections.Generic.Dictionary`2[TKey,TValue] visited, System.Collections.Generic.Dictionary`2[TKey,TValue] jobProducers, Burst.Compiler.IL.Hashing.CacheRuntime.HashCacheAssemblyStore assemblyStore, Burst.Compiler.IL.AssemblyLoader assemblyLoader) [0x0018a] in <e55fa4270c8a4cb18b54084f9d890962>:0 
  at Burst.Compiler.IL.Server.EntryPointMethodFinder.FindEntryPoints (System.String[] rootAssemblyNames, Burst.Compiler.IL.Hashing.CacheRuntime.HashCacheAssemblyStore assemblyStore, Burst.Compiler.IL.AssemblyLoader assemblyLoader, Burst.Compiler.IL.NativeCompilerOptions options, Burst.Compiler.IL.Server.ProfileDelegate profileCallback, System.Boolean includeRootAssemblyReferences, System.Boolean splitTargets) [0x00071] in <e55fa4270c8a4cb18b54084f9d890962>:0 
   --- End of inner exception stack trace ---
  at Burst.Compiler.IL.Server.EntryPointMethodFinder.FindEntryPoints (System.String[] rootAssemblyNames, Burst.Compiler.IL.Hashing.CacheRuntime.HashCacheAssemblyStore assemblyStore, Burst.Compiler.IL.AssemblyLoader assemblyLoader, Burst.Compiler.IL.NativeCompilerOptions options, Burst.Compiler.IL.Server.ProfileDelegate profileCallback, System.Boolean includeRootAssemblyReferences, System.Boolean splitTargets) [0x00094] in <e55fa4270c8a4cb18b54084f9d890962>:0 
  at Burst.Compiler.IL.Server.CompilerServer+<>c__DisplayClass18_1.<FindMethods>b__0 (Burst.Compiler.IL.Server.Caching.CacheManager cacheManager) [0x0005e] in <e55fa4270c8a4cb18b54084f9d890962>:0 
  at Burst.Compiler.IL.Server.CompilerServer+<>c__DisplayClass26_0`1[TResult].<RunTask>b__0 () [0x00145] in <e55fa4270c8a4cb18b54084f9d890962>:0 
  at Burst.Compiler.IL.Server.CompilerServer.RunTask[TResult] (Burst.Compiler.IL.Server.TargetKey target, System.String taskName, System.String[] assemblyFolders, System.Threading.CancellationToken cancellationToken, System.Func`2[T,TResult] function) [0x00131] in <e55fa4270c8a4cb18b54084f9d890962>:0 
  at Burst.Compiler.IL.Server.CompilerServer.FindMethods (Burst.Compiler.IL.Server.CompilerServerOptions options, Burst.Compiler.IL.Aot.AotCompilerOptions aotOptions, Burst.Compiler.IL.AssemblyDefinesDict assemblyDefines, Burst.Compiler.IL.Server.TargetKey target, Burst.Compiler.IL.Server.Caching.CacheManager cacheManager, Burst.Compiler.IL.CompilerStatistics stats, System.Threading.CancellationToken cancellationToken) [0x00299] in <e55fa4270c8a4cb18b54084f9d890962>:0 
  at Burst.Compiler.IL.Server.CompilerServer+<>c__DisplayClass26_0`1[TResult].<RunTask>b__0 () [0x00145] in <e55fa4270c8a4cb18b54084f9d890962>:0 
  at Burst.Compiler.IL.Server.CompilerServer.RunTask[TResult] (Burst.Compiler.IL.Server.TargetKey target, System.String taskName, System.String[] assemblyFolders, System.Threading.CancellationToken cancellationToken, System.Func`2[T,TResult] function) [0x00131] in <e55fa4270c8a4cb18b54084f9d890962>:0 
  at Burst.Compiler.IL.Server.CompilerServer.Compile (Burst.Compiler.IL.Server.CompilerServerOptions options, Burst.Compiler.IL.Server.CompilationMessageStreamer streamer, System.Threading.CancellationToken cancellationToken) [0x001ca] in <e55fa4270c8a4cb18b54084f9d890962>:0 

While compiling job:
- Finished resetting the current domain, in  2.855 seconds
Domain Reload Profiling: 3632ms
	BeginReloadAssembly (230ms)
		DisableScriptedObjects (11ms)
		CreateAndSetChildDomain (139ms)
	RebuildCommonClasses (5ms)
	RebuildNativeTypeToScriptingClass (11ms)
	initialDomainReloadingComplete (39ms)
	LoadAllAssembliesAndSetupDomain (491ms)
		LoadAssemblies (223ms)
		AnalyzeDomain (242ms)
			TypeCache.Refresh (193ms)
				TypeCache.ScanAssembly (176ms)
			BuildScriptInfoCaches (42ms)
			ResolveRequiredComponents (4ms)
	FinalizeReload (2856ms)
		SetupLoadedEditorAssemblies (0ms)
			InitializePlatformSupportModulesInManaged (12ms)
			BeforeProcessingInitializeOnLoad (74ms)
			ProcessInitializeOnLoadAttributes (2116ms)
			ProcessInitializeOnLoadMethodAttributes (367ms)
		AwakeInstancesAfterBackupRestoration (10ms)
Starting new worker id: 0 with log in /Users/ocean/Desktop/Create with Code/Arena Last Fight/Logs/AssetImportWorkerHW0.log

Asset Pipeline Refresh (id=a4524ba9051224334a5aa2bdd50a4cd9): Total: 7.786 seconds - Initiated by InitialRefreshV2(ForceSynchronousImport)
	(Values over 0.05ms)
	Summary:
		Imports: total=0 (actual=0, local cache=0, cache server=0)
		Asset DB Process Time: managed=0 ms, native=3807 ms
		Asset DB Callback time: managed=21 ms, native=5 ms
		Scripting: domain reloads=1, domain reload time=802 ms, compile time=3109 ms, other=40 ms
		Project Asset Count: scripts=1805, non-scripts=5192
		Asset File Changes: new=0, changed=0, moved=0, deleted=0
		Scan Filter Count: 1
	InvokePackagesCallback: 6.334ms
	ApplyChangesToAssetFolders: 0.283ms
	Scan: 535.335ms
	Collect global state as custom dependencies: 1.917ms
	CategorizeScriptCompilationAssets: 62.488ms
	ProcessAssetsWithTransientArtifactChanges: 57.616ms
	CategorizeAssets: 77.848ms
	CompileScripts: 3108.580ms
	ImportOutOfDateAssets: 2929.204ms (2871.081ms without children)
		UnloadImportedAssets: 0.638ms
		EnsureUptoDateAssetsAreRegisteredWithGuidPM: 0.796ms
		ImportSchedulerStart: 56.657ms
	PostProcessAllAssets: 21.841ms
		MonoPostProcessAllAssets: 21.795ms
			UniversalRenderPipelineGlobalSettingsPostprocessor.OnPostprocessAllAssets 7.279ms
			GraphRefreshPostprocessor.OnPostprocessAllAssets 1.196ms
			SpeedTree9Postprocessor.OnPostprocessAllAssets 1.099ms
			WindowAssetPostprocessingWatcher.OnPostprocessAllAssets 1.005ms
			SyncVS.PostprocessSyncProject 0.625ms
			EditModeScopePostprocessor.OnPostprocessAllAssets 0.583ms
			AssetChangeDetector.OnPostprocessAllAssets 0.561ms
			RenderPipelineGlobalSettingsPostprocessor.OnPostprocessAllAssets 0.357ms
			ShaderReflectionAssetPostProcessor.OnPostprocessAllAssets 0.260ms
			InputActionAssetPostprocessor.OnPostprocessAllAssets 0.195ms
			CinemachineSettings.OnPostprocessAllAssets 0.152ms
			ReferencedClipsPostProcessor.OnPostprocessAllAssets 0.146ms
			ProjectSettingsPostprocessor.OnPostprocessAllAssets 0.126ms
			TerrainToolbarOverlayPostProcessor.OnPostprocessAllAssets 0.118ms
			DomainReloadProcessor.OnPostprocessAllAssets 0.108ms
			PipelineAssetProcessor.OnPostprocessAllAssets 0.088ms
			AssetDatabaseCallbacks.OnPostprocessAllAssets 0.080ms
	UnloadStreamsBegin: 3.309ms
	PersistCurrentRevisions: 0.174ms
	GenerateScriptTypeHashes: 2.041ms
	GenerateScriptTypeSerializationHashes: 3.583ms
	Untracked: 979.065ms

Application.AssetDatabase Initial Refresh End
Shader Hidden/ChartRasterizerHardware is not supported: GPU does not support conservative rasterization
Launching external process: /Applications/Unity/Hub/Editor/6000.5.3f1/Unity.app/Contents/Helpers/UnityShaderCompiler
Launched and connected shader compiler UnityShaderCompiler after 0.08 seconds
Shader Hidden/ChartRasterizerHardware is not supported: GPU does not support conservative rasterization
Scanning for USB devices : 0.165ms
Initializing Unity extensions:
[MODES] ModeService[none].Initialize
[MODES] ModeService[none].LoadModes
[MODES] Loading mode Default (0) for mode-current-id-RiftArena
2026-09-28 16:41:20.392 Unity[22284:9999429] NSEventModifierFlagFunction specified to -setKeyEquivalentModifierMask: for item <NSMenuItem: 0xaab1f97c0 SDF, ke='Command-F12'>, but is only supported for system-provided menu items; will not be used
Unloading 79 Unused Serialized files (Serialized files now loaded: 0)
Loaded scene 'Assets/_Project/Scenes/Arenas/MVP1_Arena.unity'
	Deserialize:            28.519 ms
	Integration:            178.557 ms
	Integration of assets:  3.030 ms
	Thread Wait Time:       -0.012 ms
	Total Operation Time:   210.094 ms
Unloading 7717 unused Assets / (23.8 MB). Loaded Objects now: 9497.
Memory consumption went from 331.5 MB to 307.7 MB.
Total: 25.819375 ms (FindLiveObjects: 0.633750 ms CreateObjectMapping: 2.746208 ms MarkObjects: 16.738333 ms  DeleteObjects: 5.699291 ms)

[LAYOUT] About to load UserSettings/Layouts/default-6000.dwlt, keepMainWindow=False
Worker ready: AssetImportWorkerHW0 0
[LAYOUT] About to save layout /Users/ocean/Desktop/Create with Code/Arena Last Fight/UserSettings/Layouts/default-6000.dwlt
[LAYOUT] About to save layout /Users/ocean/Library/Preferences/Unity/Editor-5.x/Layouts/current/default-6000.dwlt
[MODES] ModeService[default].InitializeCurrentMode
[MODES] ModeService[default].RaiseModeChanged(default, default)
This project uses Input Manager, which is marked for deprecation. To manage input in your project, use the <a href="https://docs.unity3d.com/Packages/com.unity.inputsystem@latest">Input System package</a> instead.
[Project] Loading completed in 12.388 seconds
	Project init time: 				10.515 seconds
		Template init time: 		0.000 seconds
		Package Manager init time: 		0.201 seconds
		Asset Database init time: 		0.513 seconds
		Global illumination init time: 	0.001 seconds
		Assemblies load time: 			0.858 seconds
		Unity extensions init time: 	0.034 seconds
		Asset Database refresh time: 	7.788 seconds
	Scene opening time: 			1.642 seconds
##utp:{"type":"ProjectInfo","version":2,"phase":"Immediate","time":1790588481880,"processId":22284,"projectLoad":12.387948541,"projectInit":10.514731166,"templateInit":0.0,"packageManagerInit":0.2005,"assetDatabaseInit":0.513425083,"globalIlluminationInit":0.0005855,"assembliesLoad":0.858379417,"unityExtensionsInit":0.034008459,"assetDatabaseRefresh":7.788168417,"sceneOpening":1.641933584}
##utp:{"type":"EditorInfo","version":2,"phase":"Immediate","time":1790588481880,"processId":22284,"editorVersion":"6000.5.3f1 (c2eb47b3a2a9)","branch":"6000.5/staging","buildType":"Release","platform":"OSX"}
Subscribe to USB device events
Scanning for USB devices : 0.098ms
Start Indexing on Editor startup
[Indexing] Starting Initial Indexing for Assets
MaterialLocation.External is obsolete. External Material Location is no longer supported. (Assets/_Project/Arts/Environment/BoxingRing/source/boxing.fbx)
2026-09-28 16:41:23.138 Unity[22284:9999429] [Warning] TouchGestureResponder was not found in the responder chain during removal.
2026-09-28 16:41:23.138 Unity[22284:9999429] [Warning] TouchGestureResponder was not found in the responder chain during removal.
2026-09-28 16:41:23.139 Unity[22284:9999429] [Warning] TouchGestureResponder was not found in the responder chain during removal.
Created GICache directory at /Users/ocean/Library/Caches/com.unity3d.UnityEditor/GiCache. Took: 0.008s, timestamps: [12.396 - 12.404]
[Licensing::Client] Successfully resolved entitlement details
[Licensing::Client] Successfully resolved entitlement details
[Licensing::Client] Successfully resolved entitlement details
[Licensing::Client] Successfully updated the access token
[Licensing::Module] Successfully updated access token: "IBOj694_"... (expires: 2026-09-28T10:35:54Z)
[Licensing::Client] Successfully resolved entitlement details
Starting new worker id: 1 with log in /Users/ocean/Desktop/Create with Code/Arena Last Fight/Logs/AssetImportWorkerHW1.log
[INFO ] [relay] relay.startup port=9001 mcpClientPort=9002 editorPid=22284
[INFO ] [relay] log === RELAY SERVER STARTED === (unity-ai-relay v1.0.12-build.99)
[INFO ] [relay] log TLS trust: NODE_USE_SYSTEM_CA=on systemCAs=5 bundledCAs=145
[INFO ] [relay] log Starting relay server...
[INFO ] [relay] log Command line arguments: ["bun","/$bunfs/root/relay_mac_arm64","--relay","--port","9001","--mcp-client-port","9002","--editor-pid","22284","--shutdown-delay","180","--log-dir","/Users/ocean/Desktop/Create with Code/Arena Last Fight/Logs"]
[INFO ] [relay] log Parsed config: {"port":9001,"mcpClientPort":9002,"editorPid":"22284","shutdownDelaySeconds":180}
[INFO ] [relay] log Initializing relay components...
[INFO ] [relay] log Creating RelayEditor...
[Worker0] Imported GUID: 6496d670f793d4e4da214c8972f344c3 - Path: Assets/_Project/Scenes/MainMenu.unity - Importer: ScriptedImporter/UnityEditor.QuickSearchModule:UnityEditor.Search:ASIAI0B -> (ImportResultId: '4ea49791bae7e187858b27f97cc38f2b') in 0.038351459 seconds
[INFO ] [relay] log WebSocket server started
[INFO ] [relay] log Relay server initialization completed
[INFO ] [relay] log MCP Client initialized at port: 9002
[Worker0] Imported GUID: a29a427e7d95744e08be1f4f2eacd8e6 - Path: Assets/_Project/Scenes/Arenas/MVP1_Arena.unity - Importer: ScriptedImporter/UnityEditor.QuickSearchModule:UnityEditor.Search:ASIAI0B -> (ImportResultId: 'd68b9c49f75cad0857f44db53c189ab3') in 0.016240666 seconds
[INFO ] [relay] log Unity MCP Relay server started | Port: 9002 | Endpoints: /mcp/start-server, /mcp/stop-server, /mcp/server-status, /mcp/call-tool
[Worker0] Imported GUID: 1ee3c902166e74660accfff4dda0a679 - Path: Assets/_Project/Scripts/UI/ControlsOverlayController.cs - Importer: ScriptedImporter/UnityEditor.QuickSearchModule:UnityEditor.Search:ASIAI0B -> (ImportResultId: 'c258cc355419bc103edbedf1ee94b3f4') in 0.023358667 seconds
[INFO ] [relay] log Unity client connected with ID: editor-22284-g8tt2h (relay 1.0.12-build.99)
[INFO ] [relay] connection.established clientId=editor-22284-g8tt2h port=9001
[INFO ] [relay] log [shell-env] PATH augmented with shell environment (21 entries)
Request Asset Garbage Collect because used heap size increased from 307.9 MB to 0.80 GB, exceeding the threshold of 256.0 MB.
Unloading 40 Unused Serialized files (Serialized files now loaded: 0)
Unloading 51 unused Assets / (16.5 MB). Loaded Objects now: 10634.
Memory consumption went from 0.80 GB to 0.78 GB.
Total: 42.035250 ms (FindLiveObjects: 0.477917 ms CreateObjectMapping: 1.012084 ms MarkObjects: 32.000875 ms  DeleteObjects: 8.544125 ms)

Worker ready: AssetImportWorkerHW1 1
Account API did not become accessible within 30 seconds. This may be due to network issues or editor focus.
UnityEngine.Debug:ExtractStackTraceNoAlloc (byte*,int,string)
UnityEngine.StackTraceUtility:ExtractStackTrace () (at /Users/bokken/build/output/unity/unity/Runtime/Export/Scripting/StackTrace.cs:35)
UnityEngine.DebugLogHandler:Internal_Log (UnityEngine.LogType,UnityEngine.LogOption,string,UnityEngine.Object)
UnityEngine.DebugLogHandler:LogFormat (UnityEngine.LogType,UnityEngine.Object,string,object[])
UnityEngine.Logger:Log (UnityEngine.LogType,object)
UnityEngine.Debug:LogWarning (object)
Unity.AI.Toolkit.Accounts.Services.States.ApiAccessibleState/<WaitForCloudProjectSettings>d__4:MoveNext () (at ./Library/PackageCache/com.unity.ai.assistant@8d1e3e89e3a7/Modules/Unity.AI.Toolkit.Accounts/Services/States/ApiAccessibleState.cs:46)
System.Runtime.CompilerServices.AsyncMethodBuilderCore/MoveNextRunner:InvokeMoveNext (object)
System.Threading.ExecutionContext:RunInternal (System.Threading.ExecutionContext,System.Threading.ContextCallback,object,bool)
System.Threading.ExecutionContext:Run (System.Threading.ExecutionContext,System.Threading.ContextCallback,object,bool)
System.Runtime.CompilerServices.AsyncMethodBuilderCore/MoveNextRunner:Run ()
System.Threading.Tasks.AwaitTaskContinuation:InvokeAction (object)
System.Threading.Tasks.AwaitTaskContinuation:RunCallback (System.Threading.ContextCallback,object,System.Threading.Tasks.Task&)
System.Threading.Tasks.SynchronizationContextAwaitTaskContinuation:Run (System.Threading.Tasks.Task,bool)
System.Threading.Tasks.Task:FinishContinuations ()
System.Threading.Tasks.Task:FinishStageThree ()
System.Threading.Tasks.Task`1<bool>:TrySetResult (bool)
System.Threading.Tasks.TaskCompletionSource`1<bool>:TrySetResult (bool)
Unity.AI.Toolkit.EditorTask/<>c__DisplayClass22_0:<WaitForCondition>b__0 () (at ./Library/PackageCache/com.unity.ai.assistant@8d1e3e89e3a7/Modules/Unity.AI.Toolkit.Async/EditorTask.cs:420)
UnityEditor.EditorApplication:Internal_CallUpdateFunctions () (at /Users/bokken/build/output/unity/unity/Editor/Mono/EditorApplication.cs:403)

(Filename: ./Library/PackageCache/com.unity.ai.assistant@8d1e3e89e3a7/Modules/Unity.AI.Toolkit.Accounts/Services/States/ApiAccessibleState.cs Line: 46)

[Licensing::Client] Error: Code 404 while processing request (status: Found 0 entitlement groups and 0 free entitlements matching requested entitlement ids)
[Licensing::Client] Error: Code 404 while processing request (status: Found 0 entitlement groups and 0 free entitlements matching requested entitlement ids)
[Licensing::Client] Error: Code 404 while processing request (status: Found 0 entitlement groups and 0 free entitlements matching requested entitlement ids)
[Licensing::Client] Error: Code 404 while processing request (status: Found 0 entitlement groups and 0 free entitlements matching requested entitlement ids)
[Licensing::Client] Error: Code 404 while processing request (status: Found 0 entitlement groups and 0 free entitlements matching requested entitlement ids)
[Licensing::Client] Error: Code 404 while processing request (status: Found 0 entitlement groups and 0 free entitlements matching requested entitlement ids)
[Licensing::Client] Error: Code 404 while processing request (status: Found 0 entitlement groups and 0 free entitlements matching requested entitlement ids)
[Licensing::Client] Error: Code 404 while processing request (status: Found 0 entitlement groups and 0 free entitlements matching requested entitlement ids)
[Licensing::Client] Error: Code 404 while processing request (status: Found 0 entitlement groups and 0 free entitlements matching requested entitlement ids)
[Licensing::Client] Error: Code 404 while processing request (status: Found 0 entitlement groups and 0 free entitlements matching requested entitlement ids)
[Licensing::Client] Error: Code 404 while processing request (status: Found 0 entitlement groups and 0 free entitlements matching requested entitlement ids)
[Licensing::Client] Error: Code 404 while processing request (status: Found 0 entitlement groups and 0 free entitlements matching requested entitlement ids)
[Licensing::Client] Error: Code 404 while processing request (status: Found 0 entitlement groups and 0 free entitlements matching requested entitlement ids)
TrimDiskCacheJob: Current cache size 0mb
MaterialLocation.External is obsolete. External Material Location is no longer supported. (Assets/_Project/Arts/Environment/BoxingRing/source/boxing.fbx)
Thread 0x338b07000 may have been prematurely finalized
Reloading assemblies for play mode.
Reloading assemblies after forced synchronous recompile.
[Licensing::Client] Successfully resolved entitlement details
Begin MonoManager ReloadAssembly
2026-09-28 16:44:07.565 Unity[22284:9999429] NSEventModifierFlagFunction specified to -setKeyEquivalentModifierMask: for item <NSMenuItem: 0xaab1f9400 SDF, ke='Command-F12'>, but is only supported for system-provided menu items; will not be used
2026-09-28 16:44:07.569 Unity[22284:9999429] NSEventModifierFlagFunction specified to -setKeyEquivalentModifierMask: for item <NSMenuItem: 0xaab1ee760 SDF, ke='Command-F12'>, but is only supported for system-provided menu items; will not be used
2026-09-28 16:44:07.573 Unity[22284:9999429] NSEventModifierFlagFunction specified to -setKeyEquivalentModifierMask: for item <NSMenuItem: 0xaab1ee760 SDF, ke='Command-F12'>, but is only supported for system-provided menu items; will not be used
2026-09-28 16:44:07.577 Unity[22284:9999429] NSEventModifierFlagFunction specified to -setKeyEquivalentModifierMask: for item <NSMenuItem: 0xaab1ed2c0 SDF, ke='Command-F12'>, but is only supported for system-provided menu items; will not be used
[INFO ] [relay] log Domain reload signal received from client editor-22284-g8tt2h
<CFData 0xa932cc820 [0x1f4119308]>{length = 6, capacity = 6, bytes = 0x74a6cdf34579}
[INFO ] [relay] log Client disconnected - blocking and caching for recovery
[WARN ] [relay] connection.lost clientId=null
[WARN ] [relay] log Client disconnected - sessions will persist until auto-shutdown, reason: Client disconnected
[INFO ] [relay] log Auto-shutdown timer started due to client disconnection
Symbol file LoadedFromMemory is not a mono symbol file
Symbol file LoadedFromMemory is not a mono symbol file
Assembly reference Packages/com.unity.cinemachine/Editor/Samples/ExposeHDRPInternals/HDRP-Editor-ref.asmref has no target assembly definition
2026-09-28 16:44:08.471 Unity[22284:9999429] [Warning] TouchGestureResponder was not found in the responder chain during removal.
'Packages/com.unity.cinemachine/Editor/Obsolete/CinemachineVirtualCameraBaseEditor.cs' contains partial class of Unity.Object, exactly 1 of the partial classes needs to be in a file with the same filename. This is to know the one that can be referenced from ie. GameObjects
'Packages/com.unity.cinemachine/Editor/Editors/CinemachineVirtualCameraBaseEditor.cs' contains partial class of Unity.Object, exactly 1 of the partial classes needs to be in a file with the same filename. This is to know the one that can be referenced from ie. GameObjects
Refreshing native plugins compatible for Editor in 3.26 ms, found 1 plugins.
Native extension for iOS target not found
Native extension for WindowsStandalone target not found
Native extension for OSXStandalone target not found
[Licensing::Client] Error: Code 404 while processing request (status: Found 0 entitlement groups and 0 free entitlements matching requested entitlement ids)
ScheduleIndexationOnStartup MainProcess:True IndexOnStartup:True
[MODES] ModeService[none].Initialize
[MODES] ModeService[none].LoadModes
Mono: successfully reloaded assembly
- Finished resetting the current domain, in  1.344 seconds
Domain Reload Profiling: 2259ms
	BeginReloadAssembly (698ms)
		DisableScriptedObjects (68ms)
		CreateAndSetChildDomain (458ms)
	RebuildCommonClasses (6ms)
	RebuildNativeTypeToScriptingClass (11ms)
	initialDomainReloadingComplete (41ms)
	LoadAllAssembliesAndSetupDomain (158ms)
		LoadAssemblies (139ms)
		AnalyzeDomain (16ms)
			TypeCache.Refresh (8ms)
			ResolveRequiredComponents (5ms)
	FinalizeReload (1345ms)
		SetupLoadedEditorAssemblies (0ms)
			InitializePlatformSupportModulesInManaged (13ms)
			BeforeProcessingInitializeOnLoad (106ms)
			ProcessInitializeOnLoadAttributes (387ms)
			ProcessInitializeOnLoadMethodAttributes (195ms)
		AwakeInstancesAfterBackupRestoration (351ms)
No restricted APIs configured; Validation skipped.
Checking 27 assemblies for restricted APIs found 0 usage(s) in 2 ms

Asset Pipeline Refresh (id=aa522e0160cf84a81970afd4882b4c3d): Total: 3.700 seconds - Initiated by StopAssetImportingV2(ForceSynchronousImport | ForceDomainReload)
	(Values over 0.05ms)
	Summary:
		Imports: total=0 (actual=0, local cache=0, cache server=0)
		Asset DB Process Time: managed=0 ms, native=1737 ms
		Asset DB Callback time: managed=685 ms, native=169 ms
		Scripting: domain reloads=1, domain reload time=1105 ms, compile time=1 ms, other=0 ms
		Project Asset Count: scripts=1805, non-scripts=5192
		Asset File Changes: new=0, changed=0, moved=0, deleted=0
		Scan Filter Count: 0
	InvokePackagesCallback: 1.858ms
	ApplyChangesToAssetFolders: 0.246ms
	Collect global state as custom dependencies: 2.216ms
	ProcessAssetsWithTransientArtifactChanges: 147.889ms
	CategorizeAssets: 74.385ms
	CompileScripts: 1.113ms
	ImportOutOfDateAssets: 1416.393ms (1360.609ms without children)
		CollectScriptTypesHashes: 2.268ms
		ReloadNativeAssets: 0.841ms
		UnloadImportedAssets: 1.005ms
		EnsureUptoDateAssetsAreRegisteredWithGuidPM: 0.810ms
		ImportSchedulerStart: 53.102ms
	PostProcessAllAssets: 844.752ms
		AssemblyValidation.PostprocessAllAssets 32.349ms
		PostprocessAssetsUpdateCachedIcon 18.472ms
		PostProcessCallbackCreateDeferredMaterials 14.440ms
		RaytracingShaderImportPostprocess 9.234ms
		ShaderAssetModifiedCallback 9.189ms
		ComputeShaderImportPostprocess 8.051ms
		SpeedTreeImporter.PostprocessAllAssets 7.476ms
		BlockShaderImporter.PostprocessAllAssets 3.768ms
		LocalizationDatabase.AssetDatabasePostprocessCallback 3.238ms
		XRBuildSystem.XRAssetImported 0.083ms
		MonoPostProcessAllAssets: 683.901ms
			ShaderGraphAssetPostProcessor.OnPostprocessAllAssets 165.639ms
			AssetPostprocessor.OnPostprocessAllAssets 88.108ms
			PostProcessor.OnPostprocessAllAssets 45.106ms
			MaterialPostprocessor.OnPostprocessAllAssets 31.096ms
			InputActionAssetPostprocessor.OnPostprocessAllAssets 30.822ms
			InputActionJsonNameModifierAssetProcessor.OnPostprocessAllAssets 30.676ms
			AssetReferenceReimportMonitor.OnPostprocessAllAssets 25.179ms
			TextAssetPostProcessor.OnPostprocessAllAssets 21.866ms
			SpriteSlicePostprocessor.OnPostprocessAllAssets 17.810ms
			AssetChangedListener.OnPostprocessAllAssets 11.285ms
			UniversalRenderPipelineGlobalSettingsPostprocessor.OnPostprocessAllAssets 6.122ms
			BuilderAssetPostprocessor.OnPostprocessAllAssets 4.312ms
			RenderPipelineGlobalSettingsPostprocessor.OnPostprocessAllAssets 3.889ms
			SpeedTree9Postprocessor.OnPostprocessAllAssets 2.505ms
			WindowAssetPostprocessingWatcher.OnPostprocessAllAssets 1.259ms
			GraphRefreshPostprocessor.OnPostprocessAllAssets 1.243ms
			RetainedModeAssetPostprocessor.OnPostprocessAllAssets 1.078ms
			SyncVS.PostprocessSyncProject 0.746ms
			ShaderReflectionAssetPostProcessor.OnPostprocessAllAssets 0.619ms
			AssetChangeDetector.OnPostprocessAllAssets 0.569ms
			SpriteEditorTexturePostprocessor.OnPostprocessAllAssets 0.567ms
			SkillsProjectAssetPostprocessor.OnPostprocessAllAssets 0.501ms
			StyleCatalogPostProcessor.OnPostprocessAllAssets 0.383ms
			ArtifactBrowserPostProcessor.OnPostprocessAllAssets 0.287ms
			ModelAssetProcessor.OnPostprocessAllAssets 0.249ms
			SpeedTreePostProcessor.OnPostprocessAllAssets 0.232ms
			AudioMixerPostprocessor.OnPostprocessAllAssets 0.189ms
			ProjectSettingsPostprocessor.OnPostprocessAllAssets 0.181ms
			CinemachineSettings.OnPostprocessAllAssets 0.179ms
			ReferencedClipsPostProcessor.OnPostprocessAllAssets 0.158ms
			SampleDependencyImporterPostProcessor.OnPostprocessAllAssets 0.155ms
			EditModeScopePostprocessor.OnPostprocessAllAssets 0.155ms
			TMPro_TexturePostProcessor.OnPostprocessAllAssets 0.147ms
			DomainReloadProcessor.OnPostprocessAllAssets 0.123ms
			AssetEvents.OnPostprocessAllAssets 0.119ms
			TerrainToolbarOverlayPostProcessor.OnPostprocessAllAssets 0.101ms
			AssetDatabaseCallbacks.OnPostprocessAllAssets 0.074ms
			SamplePostprocessor.OnPostprocessAllAssets 0.074ms
			PipelineAssetProcessor.OnPostprocessAllAssets 0.070ms
			ConfigAssetsTracker.OnPostprocessAllAssets 0.060ms
			ScenarioDriftAssetsTracker.OnPostprocessAllAssets 0.057ms
	PostAssetChangesProfiler: 9.467ms
	GatherAllCurrentPrimaryImportResultRevisions: 0.799ms
	UnloadStreamsBegin: 0.941ms
	PersistCurrentRevisions: 0.171ms
	GenerateScriptTypeHashes: 3.914ms
	GenerateScriptTypeSerializationHashes: 6.533ms
	Untracked: 1193.624ms

Loaded scene 'Temp/__Backupscenes/0.backup'
	Deserialize:            4.830 ms
	Integration:            606.838 ms
	Integration of assets:  0.033 ms
	Thread Wait Time:       0.003 ms
	Total Operation Time:   611.704 ms
2026-09-28 16:44:12.232 Unity[22284:9999429] [Warning] TouchGestureResponder was not found in the responder chain during removal.
2026-09-28 16:44:12.234 Unity[22284:9999429] [Warning] TouchGestureResponder was not found in the responder chain during removal.
[Licensing::Client] Successfully resolved entitlement details
[Licensing::Client] Successfully resolved entitlement details
[INFO ] [relay] log Unity client connected with ID: editor-22284-vl2akb (relay 1.0.12-build.99)
[INFO ] [relay] connection.established clientId=editor-22284-vl2akb port=9001
2026-09-28 16:44:12.505 Unity[22284:9999429] [Warning] TouchGestureResponder was not found in the responder chain during removal.
[Licensing::Client] Successfully resolved entitlement details
2026-09-28 16:44:15.603 Unity[22284:9999429] [Warning] TouchGestureResponder was not found in the responder chain during removal.
[Combo] hit 1: light_punch
UnityEngine.Debug:ExtractStackTraceNoAlloc (byte*,int,string)
UnityEngine.StackTraceUtility:ExtractStackTrace () (at /Users/bokken/build/output/unity/unity/Runtime/Export/Scripting/StackTrace.cs:35)
UnityEngine.DebugLogHandler:Internal_Log (UnityEngine.LogType,UnityEngine.LogOption,string,UnityEngine.Object)
UnityEngine.DebugLogHandler:LogFormat (UnityEngine.LogType,UnityEngine.Object,string,object[])
UnityEngine.Logger:Log (UnityEngine.LogType,object)
UnityEngine.Debug:Log (object)
RiftArena.Character.States.AttackState:Enter () (at Assets/_Project/Scripts/Character/StateMachine/States/AttackState.cs:52)
RiftArena.Character.FSM.StateMachine:ChangeState (RiftArena.Character.FSM.IState) (at Assets/_Project/Scripts/Character/StateMachine/StateMachine.cs:18)
RiftArena.Character.States.WalkState:Tick () (at Assets/_Project/Scripts/Character/StateMachine/States/WalkState.cs:27)
RiftArena.Character.FSM.StateMachine:Tick () (at Assets/_Project/Scripts/Character/StateMachine/StateMachine.cs:23)
RiftArena.Character.Fighter:FixedUpdate () (at Assets/_Project/Scripts/Character/Fighter.cs:203)

(Filename: Assets/_Project/Scripts/Character/StateMachine/States/AttackState.cs Line: 52)

[Combo] hit 1: light_punch
UnityEngine.Debug:ExtractStackTraceNoAlloc (byte*,int,string)
UnityEngine.StackTraceUtility:ExtractStackTrace () (at /Users/bokken/build/output/unity/unity/Runtime/Export/Scripting/StackTrace.cs:35)
UnityEngine.DebugLogHandler:Internal_Log (UnityEngine.LogType,UnityEngine.LogOption,string,UnityEngine.Object)
UnityEngine.DebugLogHandler:LogFormat (UnityEngine.LogType,UnityEngine.Object,string,object[])
UnityEngine.Logger:Log (UnityEngine.LogType,object)
UnityEngine.Debug:Log (object)
RiftArena.Character.States.AttackState:Enter () (at Assets/_Project/Scripts/Character/StateMachine/States/AttackState.cs:52)
RiftArena.Character.FSM.StateMachine:ChangeState (RiftArena.Character.FSM.IState) (at Assets/_Project/Scripts/Character/StateMachine/StateMachine.cs:18)
RiftArena.Character.States.WalkState:Tick () (at Assets/_Project/Scripts/Character/StateMachine/States/WalkState.cs:27)
RiftArena.Character.FSM.StateMachine:Tick () (at Assets/_Project/Scripts/Character/StateMachine/StateMachine.cs:23)
RiftArena.Character.Fighter:FixedUpdate () (at Assets/_Project/Scripts/Character/Fighter.cs:203)

(Filename: Assets/_Project/Scripts/Character/StateMachine/States/AttackState.cs Line: 52)

Account API did not become accessible within 30 seconds. This may be due to network issues or editor focus.
UnityEngine.Debug:ExtractStackTraceNoAlloc (byte*,int,string)
UnityEngine.StackTraceUtility:ExtractStackTrace () (at /Users/bokken/build/output/unity/unity/Runtime/Export/Scripting/StackTrace.cs:35)
UnityEngine.DebugLogHandler:Internal_Log (UnityEngine.LogType,UnityEngine.LogOption,string,UnityEngine.Object)
UnityEngine.DebugLogHandler:LogFormat (UnityEngine.LogType,UnityEngine.Object,string,object[])
UnityEngine.Logger:Log (UnityEngine.LogType,object)
UnityEngine.Debug:LogWarning (object)
Unity.AI.Toolkit.Accounts.Services.States.ApiAccessibleState/<WaitForCloudProjectSettings>d__4:MoveNext () (at ./Library/PackageCache/com.unity.ai.assistant@8d1e3e89e3a7/Modules/Unity.AI.Toolkit.Accounts/Services/States/ApiAccessibleState.cs:46)
System.Runtime.CompilerServices.AsyncMethodBuilderCore/MoveNextRunner:InvokeMoveNext (object)
System.Threading.ExecutionContext:RunInternal (System.Threading.ExecutionContext,System.Threading.ContextCallback,object,bool)
System.Threading.ExecutionContext:Run (System.Threading.ExecutionContext,System.Threading.ContextCallback,object,bool)
System.Runtime.CompilerServices.AsyncMethodBuilderCore/MoveNextRunner:Run ()
System.Threading.Tasks.AwaitTaskContinuation:InvokeAction (object)
System.Threading.Tasks.AwaitTaskContinuation:RunCallback (System.Threading.ContextCallback,object,System.Threading.Tasks.Task&)
System.Threading.Tasks.SynchronizationContextAwaitTaskContinuation:Run (System.Threading.Tasks.Task,bool)
System.Threading.Tasks.Task:FinishContinuations ()
System.Threading.Tasks.Task:FinishStageThree ()
System.Threading.Tasks.Task`1<bool>:TrySetResult (bool)
System.Threading.Tasks.TaskCompletionSource`1<bool>:TrySetResult (bool)
Unity.AI.Toolkit.EditorTask/<>c__DisplayClass22_0:<WaitForCondition>b__0 () (at ./Library/PackageCache/com.unity.ai.assistant@8d1e3e89e3a7/Modules/Unity.AI.Toolkit.Async/EditorTask.cs:420)
UnityEditor.EditorApplication:Internal_CallUpdateFunctions () (at /Users/bokken/build/output/unity/unity/Editor/Mono/EditorApplication.cs:403)

(Filename: ./Library/PackageCache/com.unity.ai.assistant@8d1e3e89e3a7/Modules/Unity.AI.Toolkit.Accounts/Services/States/ApiAccessibleState.cs Line: 46)

[Licensing::Client] Error: Code 404 while processing request (status: Found 0 entitlement groups and 0 free entitlements matching requested entitlement ids)
[Licensing::Client] Error: Code 404 while processing request (status: Found 0 entitlement groups and 0 free entitlements matching requested entitlement ids)
[Combo] hit 1: light_punch
UnityEngine.Debug:ExtractStackTraceNoAlloc (byte*,int,string)
UnityEngine.StackTraceUtility:ExtractStackTrace () (at /Users/bokken/build/output/unity/unity/Runtime/Export/Scripting/StackTrace.cs:35)
UnityEngine.DebugLogHandler:Internal_Log (UnityEngine.LogType,UnityEngine.LogOption,string,UnityEngine.Object)
UnityEngine.DebugLogHandler:LogFormat (UnityEngine.LogType,UnityEngine.Object,string,object[])
UnityEngine.Logger:Log (UnityEngine.LogType,object)
UnityEngine.Debug:Log (object)
RiftArena.Character.States.AttackState:Enter () (at Assets/_Project/Scripts/Character/StateMachine/States/AttackState.cs:52)
RiftArena.Character.FSM.StateMachine:ChangeState (RiftArena.Character.FSM.IState) (at Assets/_Project/Scripts/Character/StateMachine/StateMachine.cs:18)
RiftArena.Character.States.WalkState:Tick () (at Assets/_Project/Scripts/Character/StateMachine/States/WalkState.cs:27)
RiftArena.Character.FSM.StateMachine:Tick () (at Assets/_Project/Scripts/Character/StateMachine/StateMachine.cs:23)
RiftArena.Character.Fighter:FixedUpdate () (at Assets/_Project/Scripts/Character/Fighter.cs:203)

(Filename: Assets/_Project/Scripts/Character/StateMachine/States/AttackState.cs Line: 52)

[Combo] hit 1: light_punch
UnityEngine.Debug:ExtractStackTraceNoAlloc (byte*,int,string)
UnityEngine.StackTraceUtility:ExtractStackTrace () (at /Users/bokken/build/output/unity/unity/Runtime/Export/Scripting/StackTrace.cs:35)
UnityEngine.DebugLogHandler:Internal_Log (UnityEngine.LogType,UnityEngine.LogOption,string,UnityEngine.Object)
UnityEngine.DebugLogHandler:LogFormat (UnityEngine.LogType,UnityEngine.Object,string,object[])
UnityEngine.Logger:Log (UnityEngine.LogType,object)
UnityEngine.Debug:Log (object)
RiftArena.Character.States.AttackState:Enter () (at Assets/_Project/Scripts/Character/StateMachine/States/AttackState.cs:52)
RiftArena.Character.FSM.StateMachine:ChangeState (RiftArena.Character.FSM.IState) (at Assets/_Project/Scripts/Character/StateMachine/StateMachine.cs:18)
RiftArena.Character.States.WalkState:Tick () (at Assets/_Project/Scripts/Character/StateMachine/States/WalkState.cs:27)
RiftArena.Character.FSM.StateMachine:Tick () (at Assets/_Project/Scripts/Character/StateMachine/StateMachine.cs:23)
RiftArena.Character.Fighter:FixedUpdate () (at Assets/_Project/Scripts/Character/Fighter.cs:203)

(Filename: Assets/_Project/Scripts/Character/StateMachine/States/AttackState.cs Line: 52)

2026-09-28 16:44:52.995 Unity[22284:9999429] NSEventModifierFlagFunction specified to -setKeyEquivalentModifierMask: for item <NSMenuItem: 0xaab1e7c00 SDF, ke='Command-F12'>, but is only supported for system-provided menu items; will not be used
[Combo] hit 1: light_punch
UnityEngine.Debug:ExtractStackTraceNoAlloc (byte*,int,string)
UnityEngine.StackTraceUtility:ExtractStackTrace () (at /Users/bokken/build/output/unity/unity/Runtime/Export/Scripting/StackTrace.cs:35)
UnityEngine.DebugLogHandler:Internal_Log (UnityEngine.LogType,UnityEngine.LogOption,string,UnityEngine.Object)
UnityEngine.DebugLogHandler:LogFormat (UnityEngine.LogType,UnityEngine.Object,string,object[])
UnityEngine.Logger:Log (UnityEngine.LogType,object)
UnityEngine.Debug:Log (object)
RiftArena.Character.States.AttackState:Enter () (at Assets/_Project/Scripts/Character/StateMachine/States/AttackState.cs:52)
RiftArena.Character.FSM.StateMachine:ChangeState (RiftArena.Character.FSM.IState) (at Assets/_Project/Scripts/Character/StateMachine/StateMachine.cs:18)
RiftArena.Character.States.IdleState:Tick () (at Assets/_Project/Scripts/Character/StateMachine/States/IdleState.cs:29)
RiftArena.Character.FSM.StateMachine:Tick () (at Assets/_Project/Scripts/Character/StateMachine/StateMachine.cs:23)
RiftArena.Character.Fighter:FixedUpdate () (at Assets/_Project/Scripts/Character/Fighter.cs:203)

(Filename: Assets/_Project/Scripts/Character/StateMachine/States/AttackState.cs Line: 52)

[Combo] hit 1: light_punch
UnityEngine.Debug:ExtractStackTraceNoAlloc (byte*,int,string)
UnityEngine.StackTraceUtility:ExtractStackTrace () (at /Users/bokken/build/output/unity/unity/Runtime/Export/Scripting/StackTrace.cs:35)
UnityEngine.DebugLogHandler:Internal_Log (UnityEngine.LogType,UnityEngine.LogOption,string,UnityEngine.Object)
UnityEngine.DebugLogHandler:LogFormat (UnityEngine.LogType,UnityEngine.Object,string,object[])
UnityEngine.Logger:Log (UnityEngine.LogType,object)
UnityEngine.Debug:Log (object)
RiftArena.Character.States.AttackState:Enter () (at Assets/_Project/Scripts/Character/StateMachine/States/AttackState.cs:52)
RiftArena.Character.FSM.StateMachine:ChangeState (RiftArena.Character.FSM.IState) (at Assets/_Project/Scripts/Character/StateMachine/StateMachine.cs:18)
RiftArena.Character.States.IdleState:Tick () (at Assets/_Project/Scripts/Character/StateMachine/States/IdleState.cs:29)
RiftArena.Character.FSM.StateMachine:Tick () (at Assets/_Project/Scripts/Character/StateMachine/StateMachine.cs:23)
RiftArena.Character.Fighter:FixedUpdate () (at Assets/_Project/Scripts/Character/Fighter.cs:203)

(Filename: Assets/_Project/Scripts/Character/StateMachine/States/AttackState.cs Line: 52)

[Combo] hit 1: light_punch
UnityEngine.Debug:ExtractStackTraceNoAlloc (byte*,int,string)
UnityEngine.StackTraceUtility:ExtractStackTrace () (at /Users/bokken/build/output/unity/unity/Runtime/Export/Scripting/StackTrace.cs:35)
UnityEngine.DebugLogHandler:Internal_Log (UnityEngine.LogType,UnityEngine.LogOption,string,UnityEngine.Object)
UnityEngine.DebugLogHandler:LogFormat (UnityEngine.LogType,UnityEngine.Object,string,object[])
UnityEngine.Logger:Log (UnityEngine.LogType,object)
UnityEngine.Debug:Log (object)
RiftArena.Character.States.AttackState:Enter () (at Assets/_Project/Scripts/Character/StateMachine/States/AttackState.cs:52)
RiftArena.Character.FSM.StateMachine:ChangeState (RiftArena.Character.FSM.IState) (at Assets/_Project/Scripts/Character/StateMachine/StateMachine.cs:18)
RiftArena.Character.States.WalkState:Tick () (at Assets/_Project/Scripts/Character/StateMachine/States/WalkState.cs:27)
RiftArena.Character.FSM.StateMachine:Tick () (at Assets/_Project/Scripts/Character/StateMachine/StateMachine.cs:23)
RiftArena.Character.Fighter:FixedUpdate () (at Assets/_Project/Scripts/Character/Fighter.cs:203)

(Filename: Assets/_Project/Scripts/Character/StateMachine/States/AttackState.cs Line: 52)

[Combo] hit 1: light_punch
UnityEngine.Debug:ExtractStackTraceNoAlloc (byte*,int,string)
UnityEngine.StackTraceUtility:ExtractStackTrace () (at /Users/bokken/build/output/unity/unity/Runtime/Export/Scripting/StackTrace.cs:35)
UnityEngine.DebugLogHandler:Internal_Log (UnityEngine.LogType,UnityEngine.LogOption,string,UnityEngine.Object)
UnityEngine.DebugLogHandler:LogFormat (UnityEngine.LogType,UnityEngine.Object,string,object[])
UnityEngine.Logger:Log (UnityEngine.LogType,object)
UnityEngine.Debug:Log (object)
RiftArena.Character.States.AttackState:Enter () (at Assets/_Project/Scripts/Character/StateMachine/States/AttackState.cs:52)
RiftArena.Character.FSM.StateMachine:ChangeState (RiftArena.Character.FSM.IState) (at Assets/_Project/Scripts/Character/StateMachine/StateMachine.cs:18)
RiftArena.Character.States.WalkState:Tick () (at Assets/_Project/Scripts/Character/StateMachine/States/WalkState.cs:27)
RiftArena.Character.FSM.StateMachine:Tick () (at Assets/_Project/Scripts/Character/StateMachine/StateMachine.cs:23)
RiftArena.Character.Fighter:FixedUpdate () (at Assets/_Project/Scripts/Character/Fighter.cs:203)

(Filename: Assets/_Project/Scripts/Character/StateMachine/States/AttackState.cs Line: 52)

[Combo] hit 1: light_punch
UnityEngine.Debug:ExtractStackTraceNoAlloc (byte*,int,string)
UnityEngine.StackTraceUtility:ExtractStackTrace () (at /Users/bokken/build/output/unity/unity/Runtime/Export/Scripting/StackTrace.cs:35)
UnityEngine.DebugLogHandler:Internal_Log (UnityEngine.LogType,UnityEngine.LogOption,string,UnityEngine.Object)
UnityEngine.DebugLogHandler:LogFormat (UnityEngine.LogType,UnityEngine.Object,string,object[])
UnityEngine.Logger:Log (UnityEngine.LogType,object)
UnityEngine.Debug:Log (object)
RiftArena.Character.States.AttackState:Enter () (at Assets/_Project/Scripts/Character/StateMachine/States/AttackState.cs:52)
RiftArena.Character.FSM.StateMachine:ChangeState (RiftArena.Character.FSM.IState) (at Assets/_Project/Scripts/Character/StateMachine/StateMachine.cs:18)
RiftArena.Character.States.WalkState:Tick () (at Assets/_Project/Scripts/Character/StateMachine/States/WalkState.cs:27)
RiftArena.Character.FSM.StateMachine:Tick () (at Assets/_Project/Scripts/Character/StateMachine/StateMachine.cs:23)
RiftArena.Character.Fighter:FixedUpdate () (at Assets/_Project/Scripts/Character/Fighter.cs:203)

(Filename: Assets/_Project/Scripts/Character/StateMachine/States/AttackState.cs Line: 52)

[Combo] hit 1: light_punch
UnityEngine.Debug:ExtractStackTraceNoAlloc (byte*,int,string)
UnityEngine.StackTraceUtility:ExtractStackTrace () (at /Users/bokken/build/output/unity/unity/Runtime/Export/Scripting/StackTrace.cs:35)
UnityEngine.DebugLogHandler:Internal_Log (UnityEngine.LogType,UnityEngine.LogOption,string,UnityEngine.Object)
UnityEngine.DebugLogHandler:LogFormat (UnityEngine.LogType,UnityEngine.Object,string,object[])
UnityEngine.Logger:Log (UnityEngine.LogType,object)
UnityEngine.Debug:Log (object)
RiftArena.Character.States.AttackState:Enter () (at Assets/_Project/Scripts/Character/StateMachine/States/AttackState.cs:52)
RiftArena.Character.FSM.StateMachine:ChangeState (RiftArena.Character.FSM.IState) (at Assets/_Project/Scripts/Character/StateMachine/StateMachine.cs:18)
RiftArena.Character.States.WalkState:Tick () (at Assets/_Project/Scripts/Character/StateMachine/States/WalkState.cs:27)
RiftArena.Character.FSM.StateMachine:Tick () (at Assets/_Project/Scripts/Character/StateMachine/StateMachine.cs:23)
RiftArena.Character.Fighter:FixedUpdate () (at Assets/_Project/Scripts/Character/Fighter.cs:203)

(Filename: Assets/_Project/Scripts/Character/StateMachine/States/AttackState.cs Line: 52)

[Combo] hit 2: light_punch
UnityEngine.Debug:ExtractStackTraceNoAlloc (byte*,int,string)
UnityEngine.StackTraceUtility:ExtractStackTrace () (at /Users/bokken/build/output/unity/unity/Runtime/Export/Scripting/StackTrace.cs:35)
UnityEngine.DebugLogHandler:Internal_Log (UnityEngine.LogType,UnityEngine.LogOption,string,UnityEngine.Object)
UnityEngine.DebugLogHandler:LogFormat (UnityEngine.LogType,UnityEngine.Object,string,object[])
UnityEngine.Logger:Log (UnityEngine.LogType,object)
UnityEngine.Debug:Log (object)
RiftArena.Character.States.AttackState:Enter () (at Assets/_Project/Scripts/Character/StateMachine/States/AttackState.cs:52)
RiftArena.Character.States.AttackState:Tick () (at Assets/_Project/Scripts/Character/StateMachine/States/AttackState.cs:105)
RiftArena.Character.FSM.StateMachine:Tick () (at Assets/_Project/Scripts/Character/StateMachine/StateMachine.cs:23)
RiftArena.Character.Fighter:FixedUpdate () (at Assets/_Project/Scripts/Character/Fighter.cs:203)

(Filename: Assets/_Project/Scripts/Character/StateMachine/States/AttackState.cs Line: 52)

[Combo] hit 1: light_punch
UnityEngine.Debug:ExtractStackTraceNoAlloc (byte*,int,string)
UnityEngine.StackTraceUtility:ExtractStackTrace () (at /Users/bokken/build/output/unity/unity/Runtime/Export/Scripting/StackTrace.cs:35)
UnityEngine.DebugLogHandler:Internal_Log (UnityEngine.LogType,UnityEngine.LogOption,string,UnityEngine.Object)
UnityEngine.DebugLogHandler:LogFormat (UnityEngine.LogType,UnityEngine.Object,string,object[])
UnityEngine.Logger:Log (UnityEngine.LogType,object)
UnityEngine.Debug:Log (object)
RiftArena.Character.States.AttackState:Enter () (at Assets/_Project/Scripts/Character/StateMachine/States/AttackState.cs:52)
RiftArena.Character.FSM.StateMachine:ChangeState (RiftArena.Character.FSM.IState) (at Assets/_Project/Scripts/Character/StateMachine/StateMachine.cs:18)
RiftArena.Character.States.WalkState:Tick () (at Assets/_Project/Scripts/Character/StateMachine/States/WalkState.cs:27)
RiftArena.Character.FSM.StateMachine:Tick () (at Assets/_Project/Scripts/Character/StateMachine/StateMachine.cs:23)
RiftArena.Character.Fighter:FixedUpdate () (at Assets/_Project/Scripts/Character/Fighter.cs:203)

(Filename: Assets/_Project/Scripts/Character/StateMachine/States/AttackState.cs Line: 52)

[Combo] hit 1: light_punch
UnityEngine.Debug:ExtractStackTraceNoAlloc (byte*,int,string)
UnityEngine.StackTraceUtility:ExtractStackTrace () (at /Users/bokken/build/output/unity/unity/Runtime/Export/Scripting/StackTrace.cs:35)
UnityEngine.DebugLogHandler:Internal_Log (UnityEngine.LogType,UnityEngine.LogOption,string,UnityEngine.Object)
UnityEngine.DebugLogHandler:LogFormat (UnityEngine.LogType,UnityEngine.Object,string,object[])
UnityEngine.Logger:Log (UnityEngine.LogType,object)
UnityEngine.Debug:Log (object)
RiftArena.Character.States.AttackState:Enter () (at Assets/_Project/Scripts/Character/StateMachine/States/AttackState.cs:52)
RiftArena.Character.FSM.StateMachine:ChangeState (RiftArena.Character.FSM.IState) (at Assets/_Project/Scripts/Character/StateMachine/StateMachine.cs:18)
RiftArena.Character.States.WalkState:Tick () (at Assets/_Project/Scripts/Character/StateMachine/States/WalkState.cs:27)
RiftArena.Character.FSM.StateMachine:Tick () (at Assets/_Project/Scripts/Character/StateMachine/StateMachine.cs:23)
RiftArena.Character.Fighter:FixedUpdate () (at Assets/_Project/Scripts/Character/Fighter.cs:203)

(Filename: Assets/_Project/Scripts/Character/StateMachine/States/AttackState.cs Line: 52)

[Combo] hit 1: light_punch
UnityEngine.Debug:ExtractStackTraceNoAlloc (byte*,int,string)
UnityEngine.StackTraceUtility:ExtractStackTrace () (at /Users/bokken/build/output/unity/unity/Runtime/Export/Scripting/StackTrace.cs:35)
UnityEngine.DebugLogHandler:Internal_Log (UnityEngine.LogType,UnityEngine.LogOption,string,UnityEngine.Object)
UnityEngine.DebugLogHandler:LogFormat (UnityEngine.LogType,UnityEngine.Object,string,object[])
UnityEngine.Logger:Log (UnityEngine.LogType,object)
UnityEngine.Debug:Log (object)
RiftArena.Character.States.AttackState:Enter () (at Assets/_Project/Scripts/Character/StateMachine/States/AttackState.cs:52)
RiftArena.Character.FSM.StateMachine:ChangeState (RiftArena.Character.FSM.IState) (at Assets/_Project/Scripts/Character/StateMachine/StateMachine.cs:18)
RiftArena.Character.States.WalkState:Tick () (at Assets/_Project/Scripts/Character/StateMachine/States/WalkState.cs:27)
RiftArena.Character.FSM.StateMachine:Tick () (at Assets/_Project/Scripts/Character/StateMachine/StateMachine.cs:23)
RiftArena.Character.Fighter:FixedUpdate () (at Assets/_Project/Scripts/Character/Fighter.cs:203)

(Filename: Assets/_Project/Scripts/Character/StateMachine/States/AttackState.cs Line: 52)

[Combo] hit 2: light_punch
UnityEngine.Debug:ExtractStackTraceNoAlloc (byte*,int,string)
UnityEngine.StackTraceUtility:ExtractStackTrace () (at /Users/bokken/build/output/unity/unity/Runtime/Export/Scripting/StackTrace.cs:35)
UnityEngine.DebugLogHandler:Internal_Log (UnityEngine.LogType,UnityEngine.LogOption,string,UnityEngine.Object)
UnityEngine.DebugLogHandler:LogFormat (UnityEngine.LogType,UnityEngine.Object,string,object[])
UnityEngine.Logger:Log (UnityEngine.LogType,object)
UnityEngine.Debug:Log (object)
RiftArena.Character.States.AttackState:Enter () (at Assets/_Project/Scripts/Character/StateMachine/States/AttackState.cs:52)
RiftArena.Character.States.AttackState:Tick () (at Assets/_Project/Scripts/Character/StateMachine/States/AttackState.cs:105)
RiftArena.Character.FSM.StateMachine:Tick () (at Assets/_Project/Scripts/Character/StateMachine/StateMachine.cs:23)
RiftArena.Character.Fighter:FixedUpdate () (at Assets/_Project/Scripts/Character/Fighter.cs:203)

(Filename: Assets/_Project/Scripts/Character/StateMachine/States/AttackState.cs Line: 52)

[Combo] hit 1: light_punch
UnityEngine.Debug:ExtractStackTraceNoAlloc (byte*,int,string)
UnityEngine.StackTraceUtility:ExtractStackTrace () (at /Users/bokken/build/output/unity/unity/Runtime/Export/Scripting/StackTrace.cs:35)
UnityEngine.DebugLogHandler:Internal_Log (UnityEngine.LogType,UnityEngine.LogOption,string,UnityEngine.Object)
UnityEngine.DebugLogHandler:LogFormat (UnityEngine.LogType,UnityEngine.Object,string,object[])
UnityEngine.Logger:Log (UnityEngine.LogType,object)
UnityEngine.Debug:Log (object)
RiftArena.Character.States.AttackState:Enter () (at Assets/_Project/Scripts/Character/StateMachine/States/AttackState.cs:52)
RiftArena.Character.FSM.StateMachine:ChangeState (RiftArena.Character.FSM.IState) (at Assets/_Project/Scripts/Character/StateMachine/StateMachine.cs:18)
RiftArena.Character.States.WalkState:Tick () (at Assets/_Project/Scripts/Character/StateMachine/States/WalkState.cs:27)
RiftArena.Character.FSM.StateMachine:Tick () (at Assets/_Project/Scripts/Character/StateMachine/StateMachine.cs:23)
RiftArena.Character.Fighter:FixedUpdate () (at Assets/_Project/Scripts/Character/Fighter.cs:203)

(Filename: Assets/_Project/Scripts/Character/StateMachine/States/AttackState.cs Line: 52)

[Combo] hit 1: light_punch
UnityEngine.Debug:ExtractStackTraceNoAlloc (byte*,int,string)
UnityEngine.StackTraceUtility:ExtractStackTrace () (at /Users/bokken/build/output/unity/unity/Runtime/Export/Scripting/StackTrace.cs:35)
UnityEngine.DebugLogHandler:Internal_Log (UnityEngine.LogType,UnityEngine.LogOption,string,UnityEngine.Object)
UnityEngine.DebugLogHandler:LogFormat (UnityEngine.LogType,UnityEngine.Object,string,object[])
UnityEngine.Logger:Log (UnityEngine.LogType,object)
UnityEngine.Debug:Log (object)
RiftArena.Character.States.AttackState:Enter () (at Assets/_Project/Scripts/Character/StateMachine/States/AttackState.cs:52)
RiftArena.Character.FSM.StateMachine:ChangeState (RiftArena.Character.FSM.IState) (at Assets/_Project/Scripts/Character/StateMachine/StateMachine.cs:18)
RiftArena.Character.States.WalkState:Tick () (at Assets/_Project/Scripts/Character/StateMachine/States/WalkState.cs:27)
RiftArena.Character.FSM.StateMachine:Tick () (at Assets/_Project/Scripts/Character/StateMachine/StateMachine.cs:23)
RiftArena.Character.Fighter:FixedUpdate () (at Assets/_Project/Scripts/Character/Fighter.cs:203)

(Filename: Assets/_Project/Scripts/Character/StateMachine/States/AttackState.cs Line: 52)

[Combo] hit 1: light_punch
UnityEngine.Debug:ExtractStackTraceNoAlloc (byte*,int,string)
UnityEngine.StackTraceUtility:ExtractStackTrace () (at /Users/bokken/build/output/unity/unity/Runtime/Export/Scripting/StackTrace.cs:35)
UnityEngine.DebugLogHandler:Internal_Log (UnityEngine.LogType,UnityEngine.LogOption,string,UnityEngine.Object)
UnityEngine.DebugLogHandler:LogFormat (UnityEngine.LogType,UnityEngine.Object,string,object[])
UnityEngine.Logger:Log (UnityEngine.LogType,object)
UnityEngine.Debug:Log (object)
RiftArena.Character.States.AttackState:Enter () (at Assets/_Project/Scripts/Character/StateMachine/States/AttackState.cs:52)
RiftArena.Character.FSM.StateMachine:ChangeState (RiftArena.Character.FSM.IState) (at Assets/_Project/Scripts/Character/StateMachine/StateMachine.cs:18)
RiftArena.Character.States.IdleState:Tick () (at Assets/_Project/Scripts/Character/StateMachine/States/IdleState.cs:29)
RiftArena.Character.FSM.StateMachine:Tick () (at Assets/_Project/Scripts/Character/StateMachine/StateMachine.cs:23)
RiftArena.Character.Fighter:FixedUpdate () (at Assets/_Project/Scripts/Character/Fighter.cs:203)

(Filename: Assets/_Project/Scripts/Character/StateMachine/States/AttackState.cs Line: 52)

[Combo] hit 1: light_punch
UnityEngine.Debug:ExtractStackTraceNoAlloc (byte*,int,string)
UnityEngine.StackTraceUtility:ExtractStackTrace () (at /Users/bokken/build/output/unity/unity/Runtime/Export/Scripting/StackTrace.cs:35)
UnityEngine.DebugLogHandler:Internal_Log (UnityEngine.LogType,UnityEngine.LogOption,string,UnityEngine.Object)
UnityEngine.DebugLogHandler:LogFormat (UnityEngine.LogType,UnityEngine.Object,string,object[])
UnityEngine.Logger:Log (UnityEngine.LogType,object)
UnityEngine.Debug:Log (object)
RiftArena.Character.States.AttackState:Enter () (at Assets/_Project/Scripts/Character/StateMachine/States/AttackState.cs:52)
RiftArena.Character.FSM.StateMachine:ChangeState (RiftArena.Character.FSM.IState) (at Assets/_Project/Scripts/Character/StateMachine/StateMachine.cs:18)
RiftArena.Character.States.WalkState:Tick () (at Assets/_Project/Scripts/Character/StateMachine/States/WalkState.cs:27)
RiftArena.Character.FSM.StateMachine:Tick () (at Assets/_Project/Scripts/Character/StateMachine/StateMachine.cs:23)
RiftArena.Character.Fighter:FixedUpdate () (at Assets/_Project/Scripts/Character/Fighter.cs:203)

(Filename: Assets/_Project/Scripts/Character/StateMachine/States/AttackState.cs Line: 52)

[Combo] hit 2: light_punch
UnityEngine.Debug:ExtractStackTraceNoAlloc (byte*,int,string)
UnityEngine.StackTraceUtility:ExtractStackTrace () (at /Users/bokken/build/output/unity/unity/Runtime/Export/Scripting/StackTrace.cs:35)
UnityEngine.DebugLogHandler:Internal_Log (UnityEngine.LogType,UnityEngine.LogOption,string,UnityEngine.Object)
UnityEngine.DebugLogHandler:LogFormat (UnityEngine.LogType,UnityEngine.Object,string,object[])
UnityEngine.Logger:Log (UnityEngine.LogType,object)
UnityEngine.Debug:Log (object)
RiftArena.Character.States.AttackState:Enter () (at Assets/_Project/Scripts/Character/StateMachine/States/AttackState.cs:52)
RiftArena.Character.States.AttackState:Tick () (at Assets/_Project/Scripts/Character/StateMachine/States/AttackState.cs:105)
RiftArena.Character.FSM.StateMachine:Tick () (at Assets/_Project/Scripts/Character/StateMachine/StateMachine.cs:23)
RiftArena.Character.Fighter:FixedUpdate () (at Assets/_Project/Scripts/Character/Fighter.cs:203)

(Filename: Assets/_Project/Scripts/Character/StateMachine/States/AttackState.cs Line: 52)

[Combo] hit 1: light_punch
UnityEngine.Debug:ExtractStackTraceNoAlloc (byte*,int,string)
UnityEngine.StackTraceUtility:ExtractStackTrace () (at /Users/bokken/build/output/unity/unity/Runtime/Export/Scripting/StackTrace.cs:35)
UnityEngine.DebugLogHandler:Internal_Log (UnityEngine.LogType,UnityEngine.LogOption,string,UnityEngine.Object)
UnityEngine.DebugLogHandler:LogFormat (UnityEngine.LogType,UnityEngine.Object,string,object[])
UnityEngine.Logger:Log (UnityEngine.LogType,object)
UnityEngine.Debug:Log (object)
RiftArena.Character.States.AttackState:Enter () (at Assets/_Project/Scripts/Character/StateMachine/States/AttackState.cs:52)
RiftArena.Character.FSM.StateMachine:ChangeState (RiftArena.Character.FSM.IState) (at Assets/_Project/Scripts/Character/StateMachine/StateMachine.cs:18)
RiftArena.Character.States.WalkState:Tick () (at Assets/_Project/Scripts/Character/StateMachine/States/WalkState.cs:27)
RiftArena.Character.FSM.StateMachine:Tick () (at Assets/_Project/Scripts/Character/StateMachine/StateMachine.cs:23)
RiftArena.Character.Fighter:FixedUpdate () (at Assets/_Project/Scripts/Character/Fighter.cs:203)

(Filename: Assets/_Project/Scripts/Character/StateMachine/States/AttackState.cs Line: 52)

[Combo] hit 3: light_punch
UnityEngine.Debug:ExtractStackTraceNoAlloc (byte*,int,string)
UnityEngine.StackTraceUtility:ExtractStackTrace () (at /Users/bokken/build/output/unity/unity/Runtime/Export/Scripting/StackTrace.cs:35)
UnityEngine.DebugLogHandler:Internal_Log (UnityEngine.LogType,UnityEngine.LogOption,string,UnityEngine.Object)
UnityEngine.DebugLogHandler:LogFormat (UnityEngine.LogType,UnityEngine.Object,string,object[])
UnityEngine.Logger:Log (UnityEngine.LogType,object)
UnityEngine.Debug:Log (object)
RiftArena.Character.States.AttackState:Enter () (at Assets/_Project/Scripts/Character/StateMachine/States/AttackState.cs:52)
RiftArena.Character.States.AttackState:Tick () (at Assets/_Project/Scripts/Character/StateMachine/States/AttackState.cs:105)
RiftArena.Character.FSM.StateMachine:Tick () (at Assets/_Project/Scripts/Character/StateMachine/StateMachine.cs:23)
RiftArena.Character.Fighter:FixedUpdate () (at Assets/_Project/Scripts/Character/Fighter.cs:203)

(Filename: Assets/_Project/Scripts/Character/StateMachine/States/AttackState.cs Line: 52)

[Combo] hit 1: light_punch
UnityEngine.Debug:ExtractStackTraceNoAlloc (byte*,int,string)
UnityEngine.StackTraceUtility:ExtractStackTrace () (at /Users/bokken/build/output/unity/unity/Runtime/Export/Scripting/StackTrace.cs:35)
UnityEngine.DebugLogHandler:Internal_Log (UnityEngine.LogType,UnityEngine.LogOption,string,UnityEngine.Object)
UnityEngine.DebugLogHandler:LogFormat (UnityEngine.LogType,UnityEngine.Object,string,object[])
UnityEngine.Logger:Log (UnityEngine.LogType,object)
UnityEngine.Debug:Log (object)
RiftArena.Character.States.AttackState:Enter () (at Assets/_Project/Scripts/Character/StateMachine/States/AttackState.cs:52)
RiftArena.Character.FSM.StateMachine:ChangeState (RiftArena.Character.FSM.IState) (at Assets/_Project/Scripts/Character/StateMachine/StateMachine.cs:18)
RiftArena.Character.States.IdleState:Tick () (at Assets/_Project/Scripts/Character/StateMachine/States/IdleState.cs:29)
RiftArena.Character.FSM.StateMachine:Tick () (at Assets/_Project/Scripts/Character/StateMachine/StateMachine.cs:23)
RiftArena.Character.Fighter:FixedUpdate () (at Assets/_Project/Scripts/Character/Fighter.cs:203)

(Filename: Assets/_Project/Scripts/Character/StateMachine/States/AttackState.cs Line: 52)

[Combo] hit 4: light_punch
UnityEngine.Debug:ExtractStackTraceNoAlloc (byte*,int,string)
UnityEngine.StackTraceUtility:ExtractStackTrace () (at /Users/bokken/build/output/unity/unity/Runtime/Export/Scripting/StackTrace.cs:35)
UnityEngine.DebugLogHandler:Internal_Log (UnityEngine.LogType,UnityEngine.LogOption,string,UnityEngine.Object)
UnityEngine.DebugLogHandler:LogFormat (UnityEngine.LogType,UnityEngine.Object,string,object[])
UnityEngine.Logger:Log (UnityEngine.LogType,object)
UnityEngine.Debug:Log (object)
RiftArena.Character.States.AttackState:Enter () (at Assets/_Project/Scripts/Character/StateMachine/States/AttackState.cs:52)
RiftArena.Character.States.AttackState:Tick () (at Assets/_Project/Scripts/Character/StateMachine/States/AttackState.cs:105)
RiftArena.Character.FSM.StateMachine:Tick () (at Assets/_Project/Scripts/Character/StateMachine/StateMachine.cs:23)
RiftArena.Character.Fighter:FixedUpdate () (at Assets/_Project/Scripts/Character/Fighter.cs:203)

(Filename: Assets/_Project/Scripts/Character/StateMachine/States/AttackState.cs Line: 52)

[Combo] hit 1: light_punch
UnityEngine.Debug:ExtractStackTraceNoAlloc (byte*,int,string)
UnityEngine.StackTraceUtility:ExtractStackTrace () (at /Users/bokken/build/output/unity/unity/Runtime/Export/Scripting/StackTrace.cs:35)
UnityEngine.DebugLogHandler:Internal_Log (UnityEngine.LogType,UnityEngine.LogOption,string,UnityEngine.Object)
UnityEngine.DebugLogHandler:LogFormat (UnityEngine.LogType,UnityEngine.Object,string,object[])
UnityEngine.Logger:Log (UnityEngine.LogType,object)
UnityEngine.Debug:Log (object)
RiftArena.Character.States.AttackState:Enter () (at Assets/_Project/Scripts/Character/StateMachine/States/AttackState.cs:52)
RiftArena.Character.FSM.StateMachine:ChangeState (RiftArena.Character.FSM.IState) (at Assets/_Project/Scripts/Character/StateMachine/StateMachine.cs:18)
RiftArena.Character.States.WalkState:Tick () (at Assets/_Project/Scripts/Character/StateMachine/States/WalkState.cs:27)
RiftArena.Character.FSM.StateMachine:Tick () (at Assets/_Project/Scripts/Character/StateMachine/StateMachine.cs:23)
RiftArena.Character.Fighter:FixedUpdate () (at Assets/_Project/Scripts/Character/Fighter.cs:203)

(Filename: Assets/_Project/Scripts/Character/StateMachine/States/AttackState.cs Line: 52)

[Combo] hit 5: light_punch
UnityEngine.Debug:ExtractStackTraceNoAlloc (byte*,int,string)
UnityEngine.StackTraceUtility:ExtractStackTrace () (at /Users/bokken/build/output/unity/unity/Runtime/Export/Scripting/StackTrace.cs:35)
UnityEngine.DebugLogHandler:Internal_Log (UnityEngine.LogType,UnityEngine.LogOption,string,UnityEngine.Object)
UnityEngine.DebugLogHandler:LogFormat (UnityEngine.LogType,UnityEngine.Object,string,object[])
UnityEngine.Logger:Log (UnityEngine.LogType,object)
UnityEngine.Debug:Log (object)
RiftArena.Character.States.AttackState:Enter () (at Assets/_Project/Scripts/Character/StateMachine/States/AttackState.cs:52)
RiftArena.Character.States.AttackState:Tick () (at Assets/_Project/Scripts/Character/StateMachine/States/AttackState.cs:105)
RiftArena.Character.FSM.StateMachine:Tick () (at Assets/_Project/Scripts/Character/StateMachine/StateMachine.cs:23)
RiftArena.Character.Fighter:FixedUpdate () (at Assets/_Project/Scripts/Character/Fighter.cs:203)

(Filename: Assets/_Project/Scripts/Character/StateMachine/States/AttackState.cs Line: 52)

[Combo] hit 1: light_punch
UnityEngine.Debug:ExtractStackTraceNoAlloc (byte*,int,string)
UnityEngine.StackTraceUtility:ExtractStackTrace () (at /Users/bokken/build/output/unity/unity/Runtime/Export/Scripting/StackTrace.cs:35)
UnityEngine.DebugLogHandler:Internal_Log (UnityEngine.LogType,UnityEngine.LogOption,string,UnityEngine.Object)
UnityEngine.DebugLogHandler:LogFormat (UnityEngine.LogType,UnityEngine.Object,string,object[])
UnityEngine.Logger:Log (UnityEngine.LogType,object)
UnityEngine.Debug:Log (object)
RiftArena.Character.States.AttackState:Enter () (at Assets/_Project/Scripts/Character/StateMachine/States/AttackState.cs:52)
RiftArena.Character.FSM.StateMachine:ChangeState (RiftArena.Character.FSM.IState) (at Assets/_Project/Scripts/Character/StateMachine/StateMachine.cs:18)
RiftArena.Character.States.WalkState:Tick () (at Assets/_Project/Scripts/Character/StateMachine/States/WalkState.cs:27)
RiftArena.Character.FSM.StateMachine:Tick () (at Assets/_Project/Scripts/Character/StateMachine/StateMachine.cs:23)
RiftArena.Character.Fighter:FixedUpdate () (at Assets/_Project/Scripts/Character/Fighter.cs:203)

(Filename: Assets/_Project/Scripts/Character/StateMachine/States/AttackState.cs Line: 52)

[Combo] hit 6: light_punch
UnityEngine.Debug:ExtractStackTraceNoAlloc (byte*,int,string)
UnityEngine.StackTraceUtility:ExtractStackTrace () (at /Users/bokken/build/output/unity/unity/Runtime/Export/Scripting/StackTrace.cs:35)
UnityEngine.DebugLogHandler:Internal_Log (UnityEngine.LogType,UnityEngine.LogOption,string,UnityEngine.Object)
UnityEngine.DebugLogHandler:LogFormat (UnityEngine.LogType,UnityEngine.Object,string,object[])
UnityEngine.Logger:Log (UnityEngine.LogType,object)
UnityEngine.Debug:Log (object)
RiftArena.Character.States.AttackState:Enter () (at Assets/_Project/Scripts/Character/StateMachine/States/AttackState.cs:52)
RiftArena.Character.States.AttackState:Tick () (at Assets/_Project/Scripts/Character/StateMachine/States/AttackState.cs:105)
RiftArena.Character.FSM.StateMachine:Tick () (at Assets/_Project/Scripts/Character/StateMachine/StateMachine.cs:23)
RiftArena.Character.Fighter:FixedUpdate () (at Assets/_Project/Scripts/Character/Fighter.cs:203)

(Filename: Assets/_Project/Scripts/Character/StateMachine/States/AttackState.cs Line: 52)

[Combo] hit 2: light_punch
UnityEngine.Debug:ExtractStackTraceNoAlloc (byte*,int,string)
UnityEngine.StackTraceUtility:ExtractStackTrace () (at /Users/bokken/build/output/unity/unity/Runtime/Export/Scripting/StackTrace.cs:35)
UnityEngine.DebugLogHandler:Internal_Log (UnityEngine.LogType,UnityEngine.LogOption,string,UnityEngine.Object)
UnityEngine.DebugLogHandler:LogFormat (UnityEngine.LogType,UnityEngine.Object,string,object[])
UnityEngine.Logger:Log (UnityEngine.LogType,object)
UnityEngine.Debug:Log (object)
RiftArena.Character.States.AttackState:Enter () (at Assets/_Project/Scripts/Character/StateMachine/States/AttackState.cs:52)
RiftArena.Character.States.AttackState:Tick () (at Assets/_Project/Scripts/Character/StateMachine/States/AttackState.cs:105)
RiftArena.Character.FSM.StateMachine:Tick () (at Assets/_Project/Scripts/Character/StateMachine/StateMachine.cs:23)
RiftArena.Character.Fighter:FixedUpdate () (at Assets/_Project/Scripts/Character/Fighter.cs:203)

(Filename: Assets/_Project/Scripts/Character/StateMachine/States/AttackState.cs Line: 52)

[Combo] hit 7: light_punch
UnityEngine.Debug:ExtractStackTraceNoAlloc (byte*,int,string)
UnityEngine.StackTraceUtility:ExtractStackTrace () (at /Users/bokken/build/output/unity/unity/Runtime/Export/Scripting/StackTrace.cs:35)
UnityEngine.DebugLogHandler:Internal_Log (UnityEngine.LogType,UnityEngine.LogOption,string,UnityEngine.Object)
UnityEngine.DebugLogHandler:LogFormat (UnityEngine.LogType,UnityEngine.Object,string,object[])
UnityEngine.Logger:Log (UnityEngine.LogType,object)
UnityEngine.Debug:Log (object)
RiftArena.Character.States.AttackState:Enter () (at Assets/_Project/Scripts/Character/StateMachine/States/AttackState.cs:52)
RiftArena.Character.States.AttackState:Tick () (at Assets/_Project/Scripts/Character/StateMachine/States/AttackState.cs:105)
RiftArena.Character.FSM.StateMachine:Tick () (at Assets/_Project/Scripts/Character/StateMachine/StateMachine.cs:23)
RiftArena.Character.Fighter:FixedUpdate () (at Assets/_Project/Scripts/Character/Fighter.cs:203)

(Filename: Assets/_Project/Scripts/Character/StateMachine/States/AttackState.cs Line: 52)

[Combo] hit 1: light_punch
UnityEngine.Debug:ExtractStackTraceNoAlloc (byte*,int,string)
UnityEngine.StackTraceUtility:ExtractStackTrace () (at /Users/bokken/build/output/unity/unity/Runtime/Export/Scripting/StackTrace.cs:35)
UnityEngine.DebugLogHandler:Internal_Log (UnityEngine.LogType,UnityEngine.LogOption,string,UnityEngine.Object)
UnityEngine.DebugLogHandler:LogFormat (UnityEngine.LogType,UnityEngine.Object,string,object[])
UnityEngine.Logger:Log (UnityEngine.LogType,object)
UnityEngine.Debug:Log (object)
RiftArena.Character.States.AttackState:Enter () (at Assets/_Project/Scripts/Character/StateMachine/States/AttackState.cs:52)
RiftArena.Character.FSM.StateMachine:ChangeState (RiftArena.Character.FSM.IState) (at Assets/_Project/Scripts/Character/StateMachine/StateMachine.cs:18)
RiftArena.Character.States.IdleState:Tick () (at Assets/_Project/Scripts/Character/StateMachine/States/IdleState.cs:29)
RiftArena.Character.FSM.StateMachine:Tick () (at Assets/_Project/Scripts/Character/StateMachine/StateMachine.cs:23)
RiftArena.Character.Fighter:FixedUpdate () (at Assets/_Project/Scripts/Character/Fighter.cs:203)

(Filename: Assets/_Project/Scripts/Character/StateMachine/States/AttackState.cs Line: 52)

[Combo] hit 1: light_punch
UnityEngine.Debug:ExtractStackTraceNoAlloc (byte*,int,string)
UnityEngine.StackTraceUtility:ExtractStackTrace () (at /Users/bokken/build/output/unity/unity/Runtime/Export/Scripting/StackTrace.cs:35)
UnityEngine.DebugLogHandler:Internal_Log (UnityEngine.LogType,UnityEngine.LogOption,string,UnityEngine.Object)
UnityEngine.DebugLogHandler:LogFormat (UnityEngine.LogType,UnityEngine.Object,string,object[])
UnityEngine.Logger:Log (UnityEngine.LogType,object)
UnityEngine.Debug:Log (object)
RiftArena.Character.States.AttackState:Enter () (at Assets/_Project/Scripts/Character/StateMachine/States/AttackState.cs:52)
RiftArena.Character.FSM.StateMachine:ChangeState (RiftArena.Character.FSM.IState) (at Assets/_Project/Scripts/Character/StateMachine/StateMachine.cs:18)
RiftArena.Character.States.WalkState:Tick () (at Assets/_Project/Scripts/Character/StateMachine/States/WalkState.cs:27)
RiftArena.Character.FSM.StateMachine:Tick () (at Assets/_Project/Scripts/Character/StateMachine/StateMachine.cs:23)
RiftArena.Character.Fighter:FixedUpdate () (at Assets/_Project/Scripts/Character/Fighter.cs:203)

(Filename: Assets/_Project/Scripts/Character/StateMachine/States/AttackState.cs Line: 52)

[Combo] hit 1: light_punch
UnityEngine.Debug:ExtractStackTraceNoAlloc (byte*,int,string)
UnityEngine.StackTraceUtility:ExtractStackTrace () (at /Users/bokken/build/output/unity/unity/Runtime/Export/Scripting/StackTrace.cs:35)
UnityEngine.DebugLogHandler:Internal_Log (UnityEngine.LogType,UnityEngine.LogOption,string,UnityEngine.Object)
UnityEngine.DebugLogHandler:LogFormat (UnityEngine.LogType,UnityEngine.Object,string,object[])
UnityEngine.Logger:Log (UnityEngine.LogType,object)
UnityEngine.Debug:Log (object)
RiftArena.Character.States.AttackState:Enter () (at Assets/_Project/Scripts/Character/StateMachine/States/AttackState.cs:52)
RiftArena.Character.FSM.StateMachine:ChangeState (RiftArena.Character.FSM.IState) (at Assets/_Project/Scripts/Character/StateMachine/StateMachine.cs:18)
RiftArena.Character.States.IdleState:Tick () (at Assets/_Project/Scripts/Character/StateMachine/States/IdleState.cs:29)
RiftArena.Character.FSM.StateMachine:Tick () (at Assets/_Project/Scripts/Character/StateMachine/StateMachine.cs:23)
RiftArena.Character.Fighter:FixedUpdate () (at Assets/_Project/Scripts/Character/Fighter.cs:203)

(Filename: Assets/_Project/Scripts/Character/StateMachine/States/AttackState.cs Line: 52)

[Combo] hit 2: light_punch
UnityEngine.Debug:ExtractStackTraceNoAlloc (byte*,int,string)
UnityEngine.StackTraceUtility:ExtractStackTrace () (at /Users/bokken/build/output/unity/unity/Runtime/Export/Scripting/StackTrace.cs:35)
UnityEngine.DebugLogHandler:Internal_Log (UnityEngine.LogType,UnityEngine.LogOption,string,UnityEngine.Object)
UnityEngine.DebugLogHandler:LogFormat (UnityEngine.LogType,UnityEngine.Object,string,object[])
UnityEngine.Logger:Log (UnityEngine.LogType,object)
UnityEngine.Debug:Log (object)
RiftArena.Character.States.AttackState:Enter () (at Assets/_Project/Scripts/Character/StateMachine/States/AttackState.cs:52)
RiftArena.Character.States.AttackState:Tick () (at Assets/_Project/Scripts/Character/StateMachine/States/AttackState.cs:105)
RiftArena.Character.FSM.StateMachine:Tick () (at Assets/_Project/Scripts/Character/StateMachine/StateMachine.cs:23)
RiftArena.Character.Fighter:FixedUpdate () (at Assets/_Project/Scripts/Character/Fighter.cs:203)

(Filename: Assets/_Project/Scripts/Character/StateMachine/States/AttackState.cs Line: 52)

[Combo] hit 2: light_punch
UnityEngine.Debug:ExtractStackTraceNoAlloc (byte*,int,string)
UnityEngine.StackTraceUtility:ExtractStackTrace () (at /Users/bokken/build/output/unity/unity/Runtime/Export/Scripting/StackTrace.cs:35)
UnityEngine.DebugLogHandler:Internal_Log (UnityEngine.LogType,UnityEngine.LogOption,string,UnityEngine.Object)
UnityEngine.DebugLogHandler:LogFormat (UnityEngine.LogType,UnityEngine.Object,string,object[])
UnityEngine.Logger:Log (UnityEngine.LogType,object)
UnityEngine.Debug:Log (object)
RiftArena.Character.States.AttackState:Enter () (at Assets/_Project/Scripts/Character/StateMachine/States/AttackState.cs:52)
RiftArena.Character.States.AttackState:Tick () (at Assets/_Project/Scripts/Character/StateMachine/States/AttackState.cs:105)
RiftArena.Character.FSM.StateMachine:Tick () (at Assets/_Project/Scripts/Character/StateMachine/StateMachine.cs:23)
RiftArena.Character.Fighter:FixedUpdate () (at Assets/_Project/Scripts/Character/Fighter.cs:203)

(Filename: Assets/_Project/Scripts/Character/StateMachine/States/AttackState.cs Line: 52)

[Combo] hit 3: light_punch
UnityEngine.Debug:ExtractStackTraceNoAlloc (byte*,int,string)
UnityEngine.StackTraceUtility:ExtractStackTrace () (at /Users/bokken/build/output/unity/unity/Runtime/Export/Scripting/StackTrace.cs:35)
UnityEngine.DebugLogHandler:Internal_Log (UnityEngine.LogType,UnityEngine.LogOption,string,UnityEngine.Object)
UnityEngine.DebugLogHandler:LogFormat (UnityEngine.LogType,UnityEngine.Object,string,object[])
UnityEngine.Logger:Log (UnityEngine.LogType,object)
UnityEngine.Debug:Log (object)
RiftArena.Character.States.AttackState:Enter () (at Assets/_Project/Scripts/Character/StateMachine/States/AttackState.cs:52)
RiftArena.Character.States.AttackState:Tick () (at Assets/_Project/Scripts/Character/StateMachine/States/AttackState.cs:105)
RiftArena.Character.FSM.StateMachine:Tick () (at Assets/_Project/Scripts/Character/StateMachine/StateMachine.cs:23)
RiftArena.Character.Fighter:FixedUpdate () (at Assets/_Project/Scripts/Character/Fighter.cs:203)

(Filename: Assets/_Project/Scripts/Character/StateMachine/States/AttackState.cs Line: 52)

[Combo] hit 3: light_punch
UnityEngine.Debug:ExtractStackTraceNoAlloc (byte*,int,string)
UnityEngine.StackTraceUtility:ExtractStackTrace () (at /Users/bokken/build/output/unity/unity/Runtime/Export/Scripting/StackTrace.cs:35)
UnityEngine.DebugLogHandler:Internal_Log (UnityEngine.LogType,UnityEngine.LogOption,string,UnityEngine.Object)
UnityEngine.DebugLogHandler:LogFormat (UnityEngine.LogType,UnityEngine.Object,string,object[])
UnityEngine.Logger:Log (UnityEngine.LogType,object)
UnityEngine.Debug:Log (object)
RiftArena.Character.States.AttackState:Enter () (at Assets/_Project/Scripts/Character/StateMachine/States/AttackState.cs:52)
RiftArena.Character.States.AttackState:Tick () (at Assets/_Project/Scripts/Character/StateMachine/States/AttackState.cs:105)
RiftArena.Character.FSM.StateMachine:Tick () (at Assets/_Project/Scripts/Character/StateMachine/StateMachine.cs:23)
RiftArena.Character.Fighter:FixedUpdate () (at Assets/_Project/Scripts/Character/Fighter.cs:203)

(Filename: Assets/_Project/Scripts/Character/StateMachine/States/AttackState.cs Line: 52)

[Combo] hit 4: light_punch
UnityEngine.Debug:ExtractStackTraceNoAlloc (byte*,int,string)
UnityEngine.StackTraceUtility:ExtractStackTrace () (at /Users/bokken/build/output/unity/unity/Runtime/Export/Scripting/StackTrace.cs:35)
UnityEngine.DebugLogHandler:Internal_Log (UnityEngine.LogType,UnityEngine.LogOption,string,UnityEngine.Object)
UnityEngine.DebugLogHandler:LogFormat (UnityEngine.LogType,UnityEngine.Object,string,object[])
UnityEngine.Logger:Log (UnityEngine.LogType,object)
UnityEngine.Debug:Log (object)
RiftArena.Character.States.AttackState:Enter () (at Assets/_Project/Scripts/Character/StateMachine/States/AttackState.cs:52)
RiftArena.Character.States.AttackState:Tick () (at Assets/_Project/Scripts/Character/StateMachine/States/AttackState.cs:105)
RiftArena.Character.FSM.StateMachine:Tick () (at Assets/_Project/Scripts/Character/StateMachine/StateMachine.cs:23)
RiftArena.Character.Fighter:FixedUpdate () (at Assets/_Project/Scripts/Character/Fighter.cs:203)

(Filename: Assets/_Project/Scripts/Character/StateMachine/States/AttackState.cs Line: 52)

[Combo] hit 4: light_punch
UnityEngine.Debug:ExtractStackTraceNoAlloc (byte*,int,string)
UnityEngine.StackTraceUtility:ExtractStackTrace () (at /Users/bokken/build/output/unity/unity/Runtime/Export/Scripting/StackTrace.cs:35)
UnityEngine.DebugLogHandler:Internal_Log (UnityEngine.LogType,UnityEngine.LogOption,string,UnityEngine.Object)
UnityEngine.DebugLogHandler:LogFormat (UnityEngine.LogType,UnityEngine.Object,string,object[])
UnityEngine.Logger:Log (UnityEngine.LogType,object)
UnityEngine.Debug:Log (object)
RiftArena.Character.States.AttackState:Enter () (at Assets/_Project/Scripts/Character/StateMachine/States/AttackState.cs:52)
RiftArena.Character.States.AttackState:Tick () (at Assets/_Project/Scripts/Character/StateMachine/States/AttackState.cs:105)
RiftArena.Character.FSM.StateMachine:Tick () (at Assets/_Project/Scripts/Character/StateMachine/StateMachine.cs:23)
RiftArena.Character.Fighter:FixedUpdate () (at Assets/_Project/Scripts/Character/Fighter.cs:203)

(Filename: Assets/_Project/Scripts/Character/StateMachine/States/AttackState.cs Line: 52)

[Combo] hit 5: light_punch
UnityEngine.Debug:ExtractStackTraceNoAlloc (byte*,int,string)
UnityEngine.StackTraceUtility:ExtractStackTrace () (at /Users/bokken/build/output/unity/unity/Runtime/Export/Scripting/StackTrace.cs:35)
UnityEngine.DebugLogHandler:Internal_Log (UnityEngine.LogType,UnityEngine.LogOption,string,UnityEngine.Object)
UnityEngine.DebugLogHandler:LogFormat (UnityEngine.LogType,UnityEngine.Object,string,object[])
UnityEngine.Logger:Log (UnityEngine.LogType,object)
UnityEngine.Debug:Log (object)
RiftArena.Character.States.AttackState:Enter () (at Assets/_Project/Scripts/Character/StateMachine/States/AttackState.cs:52)
RiftArena.Character.States.AttackState:Tick () (at Assets/_Project/Scripts/Character/StateMachine/States/AttackState.cs:105)
RiftArena.Character.FSM.StateMachine:Tick () (at Assets/_Project/Scripts/Character/StateMachine/StateMachine.cs:23)
RiftArena.Character.Fighter:FixedUpdate () (at Assets/_Project/Scripts/Character/Fighter.cs:203)

(Filename: Assets/_Project/Scripts/Character/StateMachine/States/AttackState.cs Line: 52)

[Combo] hit 6: light_punch
UnityEngine.Debug:ExtractStackTraceNoAlloc (byte*,int,string)
UnityEngine.StackTraceUtility:ExtractStackTrace () (at /Users/bokken/build/output/unity/unity/Runtime/Export/Scripting/StackTrace.cs:35)
UnityEngine.DebugLogHandler:Internal_Log (UnityEngine.LogType,UnityEngine.LogOption,string,UnityEngine.Object)
UnityEngine.DebugLogHandler:LogFormat (UnityEngine.LogType,UnityEngine.Object,string,object[])
UnityEngine.Logger:Log (UnityEngine.LogType,object)
UnityEngine.Debug:Log (object)
RiftArena.Character.States.AttackState:Enter () (at Assets/_Project/Scripts/Character/StateMachine/States/AttackState.cs:52)
RiftArena.Character.States.AttackState:Tick () (at Assets/_Project/Scripts/Character/StateMachine/States/AttackState.cs:105)
RiftArena.Character.FSM.StateMachine:Tick () (at Assets/_Project/Scripts/Character/StateMachine/StateMachine.cs:23)
RiftArena.Character.Fighter:FixedUpdate () (at Assets/_Project/Scripts/Character/Fighter.cs:203)

(Filename: Assets/_Project/Scripts/Character/StateMachine/States/AttackState.cs Line: 52)

[Combo] hit 7: light_punch
UnityEngine.Debug:ExtractStackTraceNoAlloc (byte*,int,string)
UnityEngine.StackTraceUtility:ExtractStackTrace () (at /Users/bokken/build/output/unity/unity/Runtime/Export/Scripting/StackTrace.cs:35)
UnityEngine.DebugLogHandler:Internal_Log (UnityEngine.LogType,UnityEngine.LogOption,string,UnityEngine.Object)
UnityEngine.DebugLogHandler:LogFormat (UnityEngine.LogType,UnityEngine.Object,string,object[])
UnityEngine.Logger:Log (UnityEngine.LogType,object)
UnityEngine.Debug:Log (object)
RiftArena.Character.States.AttackState:Enter () (at Assets/_Project/Scripts/Character/StateMachine/States/AttackState.cs:52)
RiftArena.Character.States.AttackState:Tick () (at Assets/_Project/Scripts/Character/StateMachine/States/AttackState.cs:105)
RiftArena.Character.FSM.StateMachine:Tick () (at Assets/_Project/Scripts/Character/StateMachine/StateMachine.cs:23)
RiftArena.Character.Fighter:FixedUpdate () (at Assets/_Project/Scripts/Character/Fighter.cs:203)

(Filename: Assets/_Project/Scripts/Character/StateMachine/States/AttackState.cs Line: 52)

[Combo] hit 8: light_punch
UnityEngine.Debug:ExtractStackTraceNoAlloc (byte*,int,string)
UnityEngine.StackTraceUtility:ExtractStackTrace () (at /Users/bokken/build/output/unity/unity/Runtime/Export/Scripting/StackTrace.cs:35)
UnityEngine.DebugLogHandler:Internal_Log (UnityEngine.LogType,UnityEngine.LogOption,string,UnityEngine.Object)
UnityEngine.DebugLogHandler:LogFormat (UnityEngine.LogType,UnityEngine.Object,string,object[])
UnityEngine.Logger:Log (UnityEngine.LogType,object)
UnityEngine.Debug:Log (object)
RiftArena.Character.States.AttackState:Enter () (at Assets/_Project/Scripts/Character/StateMachine/States/AttackState.cs:52)
RiftArena.Character.States.AttackState:Tick () (at Assets/_Project/Scripts/Character/StateMachine/States/AttackState.cs:105)
RiftArena.Character.FSM.StateMachine:Tick () (at Assets/_Project/Scripts/Character/StateMachine/StateMachine.cs:23)
RiftArena.Character.Fighter:FixedUpdate () (at Assets/_Project/Scripts/Character/Fighter.cs:203)

(Filename: Assets/_Project/Scripts/Character/StateMachine/States/AttackState.cs Line: 52)

[Combo] hit 9: light_punch
UnityEngine.Debug:ExtractStackTraceNoAlloc (byte*,int,string)
UnityEngine.StackTraceUtility:ExtractStackTrace () (at /Users/bokken/build/output/unity/unity/Runtime/Export/Scripting/StackTrace.cs:35)
UnityEngine.DebugLogHandler:Internal_Log (UnityEngine.LogType,UnityEngine.LogOption,string,UnityEngine.Object)
UnityEngine.DebugLogHandler:LogFormat (UnityEngine.LogType,UnityEngine.Object,string,object[])
UnityEngine.Logger:Log (UnityEngine.LogType,object)
UnityEngine.Debug:Log (object)
RiftArena.Character.States.AttackState:Enter () (at Assets/_Project/Scripts/Character/StateMachine/States/AttackState.cs:52)
RiftArena.Character.States.AttackState:Tick () (at Assets/_Project/Scripts/Character/StateMachine/States/AttackState.cs:105)
RiftArena.Character.FSM.StateMachine:Tick () (at Assets/_Project/Scripts/Character/StateMachine/StateMachine.cs:23)
RiftArena.Character.Fighter:FixedUpdate () (at Assets/_Project/Scripts/Character/Fighter.cs:203)

(Filename: Assets/_Project/Scripts/Character/StateMachine/States/AttackState.cs Line: 52)

[Combo] hit 10: light_punch
UnityEngine.Debug:ExtractStackTraceNoAlloc (byte*,int,string)
UnityEngine.StackTraceUtility:ExtractStackTrace () (at /Users/bokken/build/output/unity/unity/Runtime/Export/Scripting/StackTrace.cs:35)
UnityEngine.DebugLogHandler:Internal_Log (UnityEngine.LogType,UnityEngine.LogOption,string,UnityEngine.Object)
UnityEngine.DebugLogHandler:LogFormat (UnityEngine.LogType,UnityEngine.Object,string,object[])
UnityEngine.Logger:Log (UnityEngine.LogType,object)
UnityEngine.Debug:Log (object)
RiftArena.Character.States.AttackState:Enter () (at Assets/_Project/Scripts/Character/StateMachine/States/AttackState.cs:52)
RiftArena.Character.States.AttackState:Tick () (at Assets/_Project/Scripts/Character/StateMachine/States/AttackState.cs:105)
RiftArena.Character.FSM.StateMachine:Tick () (at Assets/_Project/Scripts/Character/StateMachine/StateMachine.cs:23)
RiftArena.Character.Fighter:FixedUpdate () (at Assets/_Project/Scripts/Character/Fighter.cs:203)

(Filename: Assets/_Project/Scripts/Character/StateMachine/States/AttackState.cs Line: 52)

[Combo] hit 11: light_punch
UnityEngine.Debug:ExtractStackTraceNoAlloc (byte*,int,string)
UnityEngine.StackTraceUtility:ExtractStackTrace () (at /Users/bokken/build/output/unity/unity/Runtime/Export/Scripting/StackTrace.cs:35)
UnityEngine.DebugLogHandler:Internal_Log (UnityEngine.LogType,UnityEngine.LogOption,string,UnityEngine.Object)
UnityEngine.DebugLogHandler:LogFormat (UnityEngine.LogType,UnityEngine.Object,string,object[])
UnityEngine.Logger:Log (UnityEngine.LogType,object)
UnityEngine.Debug:Log (object)
RiftArena.Character.States.AttackState:Enter () (at Assets/_Project/Scripts/Character/StateMachine/States/AttackState.cs:52)
RiftArena.Character.States.AttackState:Tick () (at Assets/_Project/Scripts/Character/StateMachine/States/AttackState.cs:105)
RiftArena.Character.FSM.StateMachine:Tick () (at Assets/_Project/Scripts/Character/StateMachine/StateMachine.cs:23)
RiftArena.Character.Fighter:FixedUpdate () (at Assets/_Project/Scripts/Character/Fighter.cs:203)

(Filename: Assets/_Project/Scripts/Character/StateMachine/States/AttackState.cs Line: 52)

[Combo] hit 12: light_punch
UnityEngine.Debug:ExtractStackTraceNoAlloc (byte*,int,string)
UnityEngine.StackTraceUtility:ExtractStackTrace () (at /Users/bokken/build/output/unity/unity/Runtime/Export/Scripting/StackTrace.cs:35)
UnityEngine.DebugLogHandler:Internal_Log (UnityEngine.LogType,UnityEngine.LogOption,string,UnityEngine.Object)
UnityEngine.DebugLogHandler:LogFormat (UnityEngine.LogType,UnityEngine.Object,string,object[])
UnityEngine.Logger:Log (UnityEngine.LogType,object)
UnityEngine.Debug:Log (object)
RiftArena.Character.States.AttackState:Enter () (at Assets/_Project/Scripts/Character/StateMachine/States/AttackState.cs:52)
RiftArena.Character.States.AttackState:Tick () (at Assets/_Project/Scripts/Character/StateMachine/States/AttackState.cs:105)
RiftArena.Character.FSM.StateMachine:Tick () (at Assets/_Project/Scripts/Character/StateMachine/StateMachine.cs:23)
RiftArena.Character.Fighter:FixedUpdate () (at Assets/_Project/Scripts/Character/Fighter.cs:203)

(Filename: Assets/_Project/Scripts/Character/StateMachine/States/AttackState.cs Line: 52)

[Combo] hit 13: light_punch
UnityEngine.Debug:ExtractStackTraceNoAlloc (byte*,int,string)
UnityEngine.StackTraceUtility:ExtractStackTrace () (at /Users/bokken/build/output/unity/unity/Runtime/Export/Scripting/StackTrace.cs:35)
UnityEngine.DebugLogHandler:Internal_Log (UnityEngine.LogType,UnityEngine.LogOption,string,UnityEngine.Object)
UnityEngine.DebugLogHandler:LogFormat (UnityEngine.LogType,UnityEngine.Object,string,object[])
UnityEngine.Logger:Log (UnityEngine.LogType,object)
UnityEngine.Debug:Log (object)
RiftArena.Character.States.AttackState:Enter () (at Assets/_Project/Scripts/Character/StateMachine/States/AttackState.cs:52)
RiftArena.Character.States.AttackState:Tick () (at Assets/_Project/Scripts/Character/StateMachine/States/AttackState.cs:105)
RiftArena.Character.FSM.StateMachine:Tick () (at Assets/_Project/Scripts/Character/StateMachine/StateMachine.cs:23)
RiftArena.Character.Fighter:FixedUpdate () (at Assets/_Project/Scripts/Character/Fighter.cs:203)

(Filename: Assets/_Project/Scripts/Character/StateMachine/States/AttackState.cs Line: 52)

[Combo] hit 14: light_punch
UnityEngine.Debug:ExtractStackTraceNoAlloc (byte*,int,string)
UnityEngine.StackTraceUtility:ExtractStackTrace () (at /Users/bokken/build/output/unity/unity/Runtime/Export/Scripting/StackTrace.cs:35)
UnityEngine.DebugLogHandler:Internal_Log (UnityEngine.LogType,UnityEngine.LogOption,string,UnityEngine.Object)
UnityEngine.DebugLogHandler:LogFormat (UnityEngine.LogType,UnityEngine.Object,string,object[])
UnityEngine.Logger:Log (UnityEngine.LogType,object)
UnityEngine.Debug:Log (object)
RiftArena.Character.States.AttackState:Enter () (at Assets/_Project/Scripts/Character/StateMachine/States/AttackState.cs:52)
RiftArena.Character.States.AttackState:Tick () (at Assets/_Project/Scripts/Character/StateMachine/States/AttackState.cs:105)
RiftArena.Character.FSM.StateMachine:Tick () (at Assets/_Project/Scripts/Character/StateMachine/StateMachine.cs:23)
RiftArena.Character.Fighter:FixedUpdate () (at Assets/_Project/Scripts/Character/Fighter.cs:203)

(Filename: Assets/_Project/Scripts/Character/StateMachine/States/AttackState.cs Line: 52)

[Combo] hit 15: light_punch
UnityEngine.Debug:ExtractStackTraceNoAlloc (byte*,int,string)
UnityEngine.StackTraceUtility:ExtractStackTrace () (at /Users/bokken/build/output/unity/unity/Runtime/Export/Scripting/StackTrace.cs:35)
UnityEngine.DebugLogHandler:Internal_Log (UnityEngine.LogType,UnityEngine.LogOption,string,UnityEngine.Object)
UnityEngine.DebugLogHandler:LogFormat (UnityEngine.LogType,UnityEngine.Object,string,object[])
UnityEngine.Logger:Log (UnityEngine.LogType,object)
UnityEngine.Debug:Log (object)
RiftArena.Character.States.AttackState:Enter () (at Assets/_Project/Scripts/Character/StateMachine/States/AttackState.cs:52)
RiftArena.Character.States.AttackState:Tick () (at Assets/_Project/Scripts/Character/StateMachine/States/AttackState.cs:105)
RiftArena.Character.FSM.StateMachine:Tick () (at Assets/_Project/Scripts/Character/StateMachine/StateMachine.cs:23)
RiftArena.Character.Fighter:FixedUpdate () (at Assets/_Project/Scripts/Character/Fighter.cs:203)

(Filename: Assets/_Project/Scripts/Character/StateMachine/States/AttackState.cs Line: 52)

[Combo] hit 16: light_punch
UnityEngine.Debug:ExtractStackTraceNoAlloc (byte*,int,string)
UnityEngine.StackTraceUtility:ExtractStackTrace () (at /Users/bokken/build/output/unity/unity/Runtime/Export/Scripting/StackTrace.cs:35)
UnityEngine.DebugLogHandler:Internal_Log (UnityEngine.LogType,UnityEngine.LogOption,string,UnityEngine.Object)
UnityEngine.DebugLogHandler:LogFormat (UnityEngine.LogType,UnityEngine.Object,string,object[])
UnityEngine.Logger:Log (UnityEngine.LogType,object)
UnityEngine.Debug:Log (object)
RiftArena.Character.States.AttackState:Enter () (at Assets/_Project/Scripts/Character/StateMachine/States/AttackState.cs:52)
RiftArena.Character.States.AttackState:Tick () (at Assets/_Project/Scripts/Character/StateMachine/States/AttackState.cs:105)
RiftArena.Character.FSM.StateMachine:Tick () (at Assets/_Project/Scripts/Character/StateMachine/StateMachine.cs:23)
RiftArena.Character.Fighter:FixedUpdate () (at Assets/_Project/Scripts/Character/Fighter.cs:203)

(Filename: Assets/_Project/Scripts/Character/StateMachine/States/AttackState.cs Line: 52)

[Combo] hit 1: light_punch
UnityEngine.Debug:ExtractStackTraceNoAlloc (byte*,int,string)
UnityEngine.StackTraceUtility:ExtractStackTrace () (at /Users/bokken/build/output/unity/unity/Runtime/Export/Scripting/StackTrace.cs:35)
UnityEngine.DebugLogHandler:Internal_Log (UnityEngine.LogType,UnityEngine.LogOption,string,UnityEngine.Object)
UnityEngine.DebugLogHandler:LogFormat (UnityEngine.LogType,UnityEngine.Object,string,object[])
UnityEngine.Logger:Log (UnityEngine.LogType,object)
UnityEngine.Debug:Log (object)
RiftArena.Character.States.AttackState:Enter () (at Assets/_Project/Scripts/Character/StateMachine/States/AttackState.cs:52)
RiftArena.Character.FSM.StateMachine:ChangeState (RiftArena.Character.FSM.IState) (at Assets/_Project/Scripts/Character/StateMachine/StateMachine.cs:18)
RiftArena.Character.States.IdleState:Tick () (at Assets/_Project/Scripts/Character/StateMachine/States/IdleState.cs:29)
RiftArena.Character.FSM.StateMachine:Tick () (at Assets/_Project/Scripts/Character/StateMachine/StateMachine.cs:23)
RiftArena.Character.Fighter:FixedUpdate () (at Assets/_Project/Scripts/Character/Fighter.cs:203)

(Filename: Assets/_Project/Scripts/Character/StateMachine/States/AttackState.cs Line: 52)

[Combo] hit 2: light_punch
UnityEngine.Debug:ExtractStackTraceNoAlloc (byte*,int,string)
UnityEngine.StackTraceUtility:ExtractStackTrace () (at /Users/bokken/build/output/unity/unity/Runtime/Export/Scripting/StackTrace.cs:35)
UnityEngine.DebugLogHandler:Internal_Log (UnityEngine.LogType,UnityEngine.LogOption,string,UnityEngine.Object)
UnityEngine.DebugLogHandler:LogFormat (UnityEngine.LogType,UnityEngine.Object,string,object[])
UnityEngine.Logger:Log (UnityEngine.LogType,object)
UnityEngine.Debug:Log (object)
RiftArena.Character.States.AttackState:Enter () (at Assets/_Project/Scripts/Character/StateMachine/States/AttackState.cs:52)
RiftArena.Character.States.AttackState:Tick () (at Assets/_Project/Scripts/Character/StateMachine/States/AttackState.cs:105)
RiftArena.Character.FSM.StateMachine:Tick () (at Assets/_Project/Scripts/Character/StateMachine/StateMachine.cs:23)
RiftArena.Character.Fighter:FixedUpdate () (at Assets/_Project/Scripts/Character/Fighter.cs:203)

(Filename: Assets/_Project/Scripts/Character/StateMachine/States/AttackState.cs Line: 52)

[Combo] hit 3: light_punch
UnityEngine.Debug:ExtractStackTraceNoAlloc (byte*,int,string)
UnityEngine.StackTraceUtility:ExtractStackTrace () (at /Users/bokken/build/output/unity/unity/Runtime/Export/Scripting/StackTrace.cs:35)
UnityEngine.DebugLogHandler:Internal_Log (UnityEngine.LogType,UnityEngine.LogOption,string,UnityEngine.Object)
UnityEngine.DebugLogHandler:LogFormat (UnityEngine.LogType,UnityEngine.Object,string,object[])
UnityEngine.Logger:Log (UnityEngine.LogType,object)
UnityEngine.Debug:Log (object)
RiftArena.Character.States.AttackState:Enter () (at Assets/_Project/Scripts/Character/StateMachine/States/AttackState.cs:52)
RiftArena.Character.States.AttackState:Tick () (at Assets/_Project/Scripts/Character/StateMachine/States/AttackState.cs:105)
RiftArena.Character.FSM.StateMachine:Tick () (at Assets/_Project/Scripts/Character/StateMachine/StateMachine.cs:23)
RiftArena.Character.Fighter:FixedUpdate () (at Assets/_Project/Scripts/Character/Fighter.cs:203)

(Filename: Assets/_Project/Scripts/Character/StateMachine/States/AttackState.cs Line: 52)

[Combo] hit 4: light_punch
UnityEngine.Debug:ExtractStackTraceNoAlloc (byte*,int,string)
UnityEngine.StackTraceUtility:ExtractStackTrace () (at /Users/bokken/build/output/unity/unity/Runtime/Export/Scripting/StackTrace.cs:35)
UnityEngine.DebugLogHandler:Internal_Log (UnityEngine.LogType,UnityEngine.LogOption,string,UnityEngine.Object)
UnityEngine.DebugLogHandler:LogFormat (UnityEngine.LogType,UnityEngine.Object,string,object[])
UnityEngine.Logger:Log (UnityEngine.LogType,object)
UnityEngine.Debug:Log (object)
RiftArena.Character.States.AttackState:Enter () (at Assets/_Project/Scripts/Character/StateMachine/States/AttackState.cs:52)
RiftArena.Character.States.AttackState:Tick () (at Assets/_Project/Scripts/Character/StateMachine/States/AttackState.cs:105)
RiftArena.Character.FSM.StateMachine:Tick () (at Assets/_Project/Scripts/Character/StateMachine/StateMachine.cs:23)
RiftArena.Character.Fighter:FixedUpdate () (at Assets/_Project/Scripts/Character/Fighter.cs:203)

(Filename: Assets/_Project/Scripts/Character/StateMachine/States/AttackState.cs Line: 52)

[Combo] hit 1: light_punch
UnityEngine.Debug:ExtractStackTraceNoAlloc (byte*,int,string)
UnityEngine.StackTraceUtility:ExtractStackTrace () (at /Users/bokken/build/output/unity/unity/Runtime/Export/Scripting/StackTrace.cs:35)
UnityEngine.DebugLogHandler:Internal_Log (UnityEngine.LogType,UnityEngine.LogOption,string,UnityEngine.Object)
UnityEngine.DebugLogHandler:LogFormat (UnityEngine.LogType,UnityEngine.Object,string,object[])
UnityEngine.Logger:Log (UnityEngine.LogType,object)
UnityEngine.Debug:Log (object)
RiftArena.Character.States.AttackState:Enter () (at Assets/_Project/Scripts/Character/StateMachine/States/AttackState.cs:52)
RiftArena.Character.FSM.StateMachine:ChangeState (RiftArena.Character.FSM.IState) (at Assets/_Project/Scripts/Character/StateMachine/StateMachine.cs:18)
RiftArena.Character.States.IdleState:Tick () (at Assets/_Project/Scripts/Character/StateMachine/States/IdleState.cs:29)
RiftArena.Character.FSM.StateMachine:Tick () (at Assets/_Project/Scripts/Character/StateMachine/StateMachine.cs:23)
RiftArena.Character.Fighter:FixedUpdate () (at Assets/_Project/Scripts/Character/Fighter.cs:203)

(Filename: Assets/_Project/Scripts/Character/StateMachine/States/AttackState.cs Line: 52)

[Combo] hit 2: light_punch
UnityEngine.Debug:ExtractStackTraceNoAlloc (byte*,int,string)
UnityEngine.StackTraceUtility:ExtractStackTrace () (at /Users/bokken/build/output/unity/unity/Runtime/Export/Scripting/StackTrace.cs:35)
UnityEngine.DebugLogHandler:Internal_Log (UnityEngine.LogType,UnityEngine.LogOption,string,UnityEngine.Object)
UnityEngine.DebugLogHandler:LogFormat (UnityEngine.LogType,UnityEngine.Object,string,object[])
UnityEngine.Logger:Log (UnityEngine.LogType,object)
UnityEngine.Debug:Log (object)
RiftArena.Character.States.AttackState:Enter () (at Assets/_Project/Scripts/Character/StateMachine/States/AttackState.cs:52)
RiftArena.Character.States.AttackState:Tick () (at Assets/_Project/Scripts/Character/StateMachine/States/AttackState.cs:105)
RiftArena.Character.FSM.StateMachine:Tick () (at Assets/_Project/Scripts/Character/StateMachine/StateMachine.cs:23)
RiftArena.Character.Fighter:FixedUpdate () (at Assets/_Project/Scripts/Character/Fighter.cs:203)

(Filename: Assets/_Project/Scripts/Character/StateMachine/States/AttackState.cs Line: 52)

Unloading 4 Unused Serialized files (Serialized files now loaded: 0)
UnloadTime: 3.488333 ms
Loaded scene 'Assets/_Project/Scenes/MainMenu.unity'
	Deserialize:            6.023 ms
	Integration:            228.724 ms
	Integration of assets:  0.038 ms
	Thread Wait Time:       1.346 ms
	Total Operation Time:   236.131 ms
Unloading 6946 unused Assets / (46.4 MB). Loaded Objects now: 9927.
Memory consumption went from 433.7 MB to 387.4 MB.
Total: 44.046292 ms (FindLiveObjects: 3.333833 ms CreateObjectMapping: 2.582333 ms MarkObjects: 32.985167 ms  DeleteObjects: 5.144750 ms)

Unloading 19 Unused Serialized files (Serialized files now loaded: 0)
UnloadTime: 2.279917 ms
Loaded scene 'Temp/__Backupscenes/0.backup'
	Deserialize:            17.945 ms
	Integration:            507.215 ms
	Integration of assets:  0.376 ms
	Thread Wait Time:       1.458 ms
	Total Operation Time:   526.995 ms
Unloading 313 unused Assets / (387.4 KB). Loaded Objects now: 10361.
Memory consumption went from 428.7 MB to 428.3 MB.
Total: 24.731625 ms (FindLiveObjects: 0.332833 ms CreateObjectMapping: 0.965250 ms MarkObjects: 23.278125 ms  DeleteObjects: 0.155167 ms)

[Combo] hit 1: light_punch
UnityEngine.Debug:ExtractStackTraceNoAlloc (byte*,int,string)
UnityEngine.StackTraceUtility:ExtractStackTrace () (at /Users/bokken/build/output/unity/unity/Runtime/Export/Scripting/StackTrace.cs:35)
UnityEngine.DebugLogHandler:Internal_Log (UnityEngine.LogType,UnityEngine.LogOption,string,UnityEngine.Object)
UnityEngine.DebugLogHandler:LogFormat (UnityEngine.LogType,UnityEngine.Object,string,object[])
UnityEngine.Logger:Log (UnityEngine.LogType,object)
UnityEngine.Debug:Log (object)
RiftArena.Character.States.AttackState:Enter () (at Assets/_Project/Scripts/Character/StateMachine/States/AttackState.cs:52)
RiftArena.Character.FSM.StateMachine:ChangeState (RiftArena.Character.FSM.IState) (at Assets/_Project/Scripts/Character/StateMachine/StateMachine.cs:18)
RiftArena.Character.States.IdleState:Tick () (at Assets/_Project/Scripts/Character/StateMachine/States/IdleState.cs:29)
RiftArena.Character.FSM.StateMachine:Tick () (at Assets/_Project/Scripts/Character/StateMachine/StateMachine.cs:23)
RiftArena.Character.Fighter:FixedUpdate () (at Assets/_Project/Scripts/Character/Fighter.cs:203)

(Filename: Assets/_Project/Scripts/Character/StateMachine/States/AttackState.cs Line: 52)

[Combo] hit 1: light_punch
UnityEngine.Debug:ExtractStackTraceNoAlloc (byte*,int,string)
UnityEngine.StackTraceUtility:ExtractStackTrace () (at /Users/bokken/build/output/unity/unity/Runtime/Export/Scripting/StackTrace.cs:35)
UnityEngine.DebugLogHandler:Internal_Log (UnityEngine.LogType,UnityEngine.LogOption,string,UnityEngine.Object)
UnityEngine.DebugLogHandler:LogFormat (UnityEngine.LogType,UnityEngine.Object,string,object[])
UnityEngine.Logger:Log (UnityEngine.LogType,object)
UnityEngine.Debug:Log (object)
RiftArena.Character.States.AttackState:Enter () (at Assets/_Project/Scripts/Character/StateMachine/States/AttackState.cs:52)
RiftArena.Character.FSM.StateMachine:ChangeState (RiftArena.Character.FSM.IState) (at Assets/_Project/Scripts/Character/StateMachine/StateMachine.cs:18)
RiftArena.Character.States.IdleState:Tick () (at Assets/_Project/Scripts/Character/StateMachine/States/IdleState.cs:29)
RiftArena.Character.FSM.StateMachine:Tick () (at Assets/_Project/Scripts/Character/StateMachine/StateMachine.cs:23)
RiftArena.Character.Fighter:FixedUpdate () (at Assets/_Project/Scripts/Character/Fighter.cs:203)

(Filename: Assets/_Project/Scripts/Character/StateMachine/States/AttackState.cs Line: 52)

[Combo] hit 2: light_punch
UnityEngine.Debug:ExtractStackTraceNoAlloc (byte*,int,string)
UnityEngine.StackTraceUtility:ExtractStackTrace () (at /Users/bokken/build/output/unity/unity/Runtime/Export/Scripting/StackTrace.cs:35)
UnityEngine.DebugLogHandler:Internal_Log (UnityEngine.LogType,UnityEngine.LogOption,string,UnityEngine.Object)
UnityEngine.DebugLogHandler:LogFormat (UnityEngine.LogType,UnityEngine.Object,string,object[])
UnityEngine.Logger:Log (UnityEngine.LogType,object)
UnityEngine.Debug:Log (object)
RiftArena.Character.States.AttackState:Enter () (at Assets/_Project/Scripts/Character/StateMachine/States/AttackState.cs:52)
RiftArena.Character.States.AttackState:Tick () (at Assets/_Project/Scripts/Character/StateMachine/States/AttackState.cs:105)
RiftArena.Character.FSM.StateMachine:Tick () (at Assets/_Project/Scripts/Character/StateMachine/StateMachine.cs:23)
RiftArena.Character.Fighter:FixedUpdate () (at Assets/_Project/Scripts/Character/Fighter.cs:203)

(Filename: Assets/_Project/Scripts/Character/StateMachine/States/AttackState.cs Line: 52)

[Combo] hit 3: light_punch
UnityEngine.Debug:ExtractStackTraceNoAlloc (byte*,int,string)
UnityEngine.StackTraceUtility:ExtractStackTrace () (at /Users/bokken/build/output/unity/unity/Runtime/Export/Scripting/StackTrace.cs:35)
UnityEngine.DebugLogHandler:Internal_Log (UnityEngine.LogType,UnityEngine.LogOption,string,UnityEngine.Object)
UnityEngine.DebugLogHandler:LogFormat (UnityEngine.LogType,UnityEngine.Object,string,object[])
UnityEngine.Logger:Log (UnityEngine.LogType,object)
UnityEngine.Debug:Log (object)
RiftArena.Character.States.AttackState:Enter () (at Assets/_Project/Scripts/Character/StateMachine/States/AttackState.cs:52)
RiftArena.Character.States.AttackState:Tick () (at Assets/_Project/Scripts/Character/StateMachine/States/AttackState.cs:105)
RiftArena.Character.FSM.StateMachine:Tick () (at Assets/_Project/Scripts/Character/StateMachine/StateMachine.cs:23)
RiftArena.Character.Fighter:FixedUpdate () (at Assets/_Project/Scripts/Character/Fighter.cs:203)

(Filename: Assets/_Project/Scripts/Character/StateMachine/States/AttackState.cs Line: 52)

[Combo] hit 4: light_punch
UnityEngine.Debug:ExtractStackTraceNoAlloc (byte*,int,string)
UnityEngine.StackTraceUtility:ExtractStackTrace () (at /Users/bokken/build/output/unity/unity/Runtime/Export/Scripting/StackTrace.cs:35)
UnityEngine.DebugLogHandler:Internal_Log (UnityEngine.LogType,UnityEngine.LogOption,string,UnityEngine.Object)
UnityEngine.DebugLogHandler:LogFormat (UnityEngine.LogType,UnityEngine.Object,string,object[])
UnityEngine.Logger:Log (UnityEngine.LogType,object)
UnityEngine.Debug:Log (object)
RiftArena.Character.States.AttackState:Enter () (at Assets/_Project/Scripts/Character/StateMachine/States/AttackState.cs:52)
RiftArena.Character.States.AttackState:Tick () (at Assets/_Project/Scripts/Character/StateMachine/States/AttackState.cs:105)
RiftArena.Character.FSM.StateMachine:Tick () (at Assets/_Project/Scripts/Character/StateMachine/StateMachine.cs:23)
RiftArena.Character.Fighter:FixedUpdate () (at Assets/_Project/Scripts/Character/Fighter.cs:203)

(Filename: Assets/_Project/Scripts/Character/StateMachine/States/AttackState.cs Line: 52)

[Combo] hit 1: light_punch
UnityEngine.Debug:ExtractStackTraceNoAlloc (byte*,int,string)
UnityEngine.StackTraceUtility:ExtractStackTrace () (at /Users/bokken/build/output/unity/unity/Runtime/Export/Scripting/StackTrace.cs:35)
UnityEngine.DebugLogHandler:Internal_Log (UnityEngine.LogType,UnityEngine.LogOption,string,UnityEngine.Object)
UnityEngine.DebugLogHandler:LogFormat (UnityEngine.LogType,UnityEngine.Object,string,object[])
UnityEngine.Logger:Log (UnityEngine.LogType,object)
UnityEngine.Debug:Log (object)
RiftArena.Character.States.AttackState:Enter () (at Assets/_Project/Scripts/Character/StateMachine/States/AttackState.cs:52)
RiftArena.Character.FSM.StateMachine:ChangeState (RiftArena.Character.FSM.IState) (at Assets/_Project/Scripts/Character/StateMachine/StateMachine.cs:18)
RiftArena.Character.States.IdleState:Tick () (at Assets/_Project/Scripts/Character/StateMachine/States/IdleState.cs:29)
RiftArena.Character.FSM.StateMachine:Tick () (at Assets/_Project/Scripts/Character/StateMachine/StateMachine.cs:23)
RiftArena.Character.Fighter:FixedUpdate () (at Assets/_Project/Scripts/Character/Fighter.cs:203)

(Filename: Assets/_Project/Scripts/Character/StateMachine/States/AttackState.cs Line: 52)

[Combo] hit 2: light_punch
UnityEngine.Debug:ExtractStackTraceNoAlloc (byte*,int,string)
UnityEngine.StackTraceUtility:ExtractStackTrace () (at /Users/bokken/build/output/unity/unity/Runtime/Export/Scripting/StackTrace.cs:35)
UnityEngine.DebugLogHandler:Internal_Log (UnityEngine.LogType,UnityEngine.LogOption,string,UnityEngine.Object)
UnityEngine.DebugLogHandler:LogFormat (UnityEngine.LogType,UnityEngine.Object,string,object[])
UnityEngine.Logger:Log (UnityEngine.LogType,object)
UnityEngine.Debug:Log (object)
RiftArena.Character.States.AttackState:Enter () (at Assets/_Project/Scripts/Character/StateMachine/States/AttackState.cs:52)
RiftArena.Character.States.AttackState:Tick () (at Assets/_Project/Scripts/Character/StateMachine/States/AttackState.cs:105)
RiftArena.Character.FSM.StateMachine:Tick () (at Assets/_Project/Scripts/Character/StateMachine/StateMachine.cs:23)
RiftArena.Character.Fighter:FixedUpdate () (at Assets/_Project/Scripts/Character/Fighter.cs:203)

(Filename: Assets/_Project/Scripts/Character/StateMachine/States/AttackState.cs Line: 52)

[Combo] hit 3: light_punch
UnityEngine.Debug:ExtractStackTraceNoAlloc (byte*,int,string)
UnityEngine.StackTraceUtility:ExtractStackTrace () (at /Users/bokken/build/output/unity/unity/Runtime/Export/Scripting/StackTrace.cs:35)
UnityEngine.DebugLogHandler:Internal_Log (UnityEngine.LogType,UnityEngine.LogOption,string,UnityEngine.Object)
UnityEngine.DebugLogHandler:LogFormat (UnityEngine.LogType,UnityEngine.Object,string,object[])
UnityEngine.Logger:Log (UnityEngine.LogType,object)
UnityEngine.Debug:Log (object)
RiftArena.Character.States.AttackState:Enter () (at Assets/_Project/Scripts/Character/StateMachine/States/AttackState.cs:52)
RiftArena.Character.States.AttackState:Tick () (at Assets/_Project/Scripts/Character/StateMachine/States/AttackState.cs:105)
RiftArena.Character.FSM.StateMachine:Tick () (at Assets/_Project/Scripts/Character/StateMachine/StateMachine.cs:23)
RiftArena.Character.Fighter:FixedUpdate () (at Assets/_Project/Scripts/Character/Fighter.cs:203)

(Filename: Assets/_Project/Scripts/Character/StateMachine/States/AttackState.cs Line: 52)

[Combo] hit 4: light_punch
UnityEngine.Debug:ExtractStackTraceNoAlloc (byte*,int,string)
UnityEngine.StackTraceUtility:ExtractStackTrace () (at /Users/bokken/build/output/unity/unity/Runtime/Export/Scripting/StackTrace.cs:35)
UnityEngine.DebugLogHandler:Internal_Log (UnityEngine.LogType,UnityEngine.LogOption,string,UnityEngine.Object)
UnityEngine.DebugLogHandler:LogFormat (UnityEngine.LogType,UnityEngine.Object,string,object[])
UnityEngine.Logger:Log (UnityEngine.LogType,object)
UnityEngine.Debug:Log (object)
RiftArena.Character.States.AttackState:Enter () (at Assets/_Project/Scripts/Character/StateMachine/States/AttackState.cs:52)
RiftArena.Character.States.AttackState:Tick () (at Assets/_Project/Scripts/Character/StateMachine/States/AttackState.cs:105)
RiftArena.Character.FSM.StateMachine:Tick () (at Assets/_Project/Scripts/Character/StateMachine/StateMachine.cs:23)
RiftArena.Character.Fighter:FixedUpdate () (at Assets/_Project/Scripts/Character/Fighter.cs:203)

(Filename: Assets/_Project/Scripts/Character/StateMachine/States/AttackState.cs Line: 52)

[Combo] hit 1: light_punch
UnityEngine.Debug:ExtractStackTraceNoAlloc (byte*,int,string)
UnityEngine.StackTraceUtility:ExtractStackTrace () (at /Users/bokken/build/output/unity/unity/Runtime/Export/Scripting/StackTrace.cs:35)
UnityEngine.DebugLogHandler:Internal_Log (UnityEngine.LogType,UnityEngine.LogOption,string,UnityEngine.Object)
UnityEngine.DebugLogHandler:LogFormat (UnityEngine.LogType,UnityEngine.Object,string,object[])
UnityEngine.Logger:Log (UnityEngine.LogType,object)
UnityEngine.Debug:Log (object)
RiftArena.Character.States.AttackState:Enter () (at Assets/_Project/Scripts/Character/StateMachine/States/AttackState.cs:52)
RiftArena.Character.FSM.StateMachine:ChangeState (RiftArena.Character.FSM.IState) (at Assets/_Project/Scripts/Character/StateMachine/StateMachine.cs:18)
RiftArena.Character.States.IdleState:Tick () (at Assets/_Project/Scripts/Character/StateMachine/States/IdleState.cs:29)
RiftArena.Character.FSM.StateMachine:Tick () (at Assets/_Project/Scripts/Character/StateMachine/StateMachine.cs:23)
RiftArena.Character.Fighter:FixedUpdate () (at Assets/_Project/Scripts/Character/Fighter.cs:203)

(Filename: Assets/_Project/Scripts/Character/StateMachine/States/AttackState.cs Line: 52)

[Combo] hit 2: light_punch
UnityEngine.Debug:ExtractStackTraceNoAlloc (byte*,int,string)
UnityEngine.StackTraceUtility:ExtractStackTrace () (at /Users/bokken/build/output/unity/unity/Runtime/Export/Scripting/StackTrace.cs:35)
UnityEngine.DebugLogHandler:Internal_Log (UnityEngine.LogType,UnityEngine.LogOption,string,UnityEngine.Object)
UnityEngine.DebugLogHandler:LogFormat (UnityEngine.LogType,UnityEngine.Object,string,object[])
UnityEngine.Logger:Log (UnityEngine.LogType,object)
UnityEngine.Debug:Log (object)
RiftArena.Character.States.AttackState:Enter () (at Assets/_Project/Scripts/Character/StateMachine/States/AttackState.cs:52)
RiftArena.Character.States.AttackState:Tick () (at Assets/_Project/Scripts/Character/StateMachine/States/AttackState.cs:105)
RiftArena.Character.FSM.StateMachine:Tick () (at Assets/_Project/Scripts/Character/StateMachine/StateMachine.cs:23)
RiftArena.Character.Fighter:FixedUpdate () (at Assets/_Project/Scripts/Character/Fighter.cs:203)

(Filename: Assets/_Project/Scripts/Character/StateMachine/States/AttackState.cs Line: 52)

[Combo] hit 3: light_punch
UnityEngine.Debug:ExtractStackTraceNoAlloc (byte*,int,string)
UnityEngine.StackTraceUtility:ExtractStackTrace () (at /Users/bokken/build/output/unity/unity/Runtime/Export/Scripting/StackTrace.cs:35)
UnityEngine.DebugLogHandler:Internal_Log (UnityEngine.LogType,UnityEngine.LogOption,string,UnityEngine.Object)
UnityEngine.DebugLogHandler:LogFormat (UnityEngine.LogType,UnityEngine.Object,string,object[])
UnityEngine.Logger:Log (UnityEngine.LogType,object)
UnityEngine.Debug:Log (object)
RiftArena.Character.States.AttackState:Enter () (at Assets/_Project/Scripts/Character/StateMachine/States/AttackState.cs:52)
RiftArena.Character.States.AttackState:Tick () (at Assets/_Project/Scripts/Character/StateMachine/States/AttackState.cs:105)
RiftArena.Character.FSM.StateMachine:Tick () (at Assets/_Project/Scripts/Character/StateMachine/StateMachine.cs:23)
RiftArena.Character.Fighter:FixedUpdate () (at Assets/_Project/Scripts/Character/Fighter.cs:203)

(Filename: Assets/_Project/Scripts/Character/StateMachine/States/AttackState.cs Line: 52)

[Combo] hit 4: light_punch
UnityEngine.Debug:ExtractStackTraceNoAlloc (byte*,int,string)
UnityEngine.StackTraceUtility:ExtractStackTrace () (at /Users/bokken/build/output/unity/unity/Runtime/Export/Scripting/StackTrace.cs:35)
UnityEngine.DebugLogHandler:Internal_Log (UnityEngine.LogType,UnityEngine.LogOption,string,UnityEngine.Object)
UnityEngine.DebugLogHandler:LogFormat (UnityEngine.LogType,UnityEngine.Object,string,object[])
UnityEngine.Logger:Log (UnityEngine.LogType,object)
UnityEngine.Debug:Log (object)
RiftArena.Character.States.AttackState:Enter () (at Assets/_Project/Scripts/Character/StateMachine/States/AttackState.cs:52)
RiftArena.Character.States.AttackState:Tick () (at Assets/_Project/Scripts/Character/StateMachine/States/AttackState.cs:105)
RiftArena.Character.FSM.StateMachine:Tick () (at Assets/_Project/Scripts/Character/StateMachine/StateMachine.cs:23)
RiftArena.Character.Fighter:FixedUpdate () (at Assets/_Project/Scripts/Character/Fighter.cs:203)

(Filename: Assets/_Project/Scripts/Character/StateMachine/States/AttackState.cs Line: 52)

[Combo] hit 1: light_punch
UnityEngine.Debug:ExtractStackTraceNoAlloc (byte*,int,string)
UnityEngine.StackTraceUtility:ExtractStackTrace () (at /Users/bokken/build/output/unity/unity/Runtime/Export/Scripting/StackTrace.cs:35)
UnityEngine.DebugLogHandler:Internal_Log (UnityEngine.LogType,UnityEngine.LogOption,string,UnityEngine.Object)
UnityEngine.DebugLogHandler:LogFormat (UnityEngine.LogType,UnityEngine.Object,string,object[])
UnityEngine.Logger:Log (UnityEngine.LogType,object)
UnityEngine.Debug:Log (object)
RiftArena.Character.States.AttackState:Enter () (at Assets/_Project/Scripts/Character/StateMachine/States/AttackState.cs:52)
RiftArena.Character.FSM.StateMachine:ChangeState (RiftArena.Character.FSM.IState) (at Assets/_Project/Scripts/Character/StateMachine/StateMachine.cs:18)
RiftArena.Character.States.WalkState:Tick () (at Assets/_Project/Scripts/Character/StateMachine/States/WalkState.cs:27)
RiftArena.Character.FSM.StateMachine:Tick () (at Assets/_Project/Scripts/Character/StateMachine/StateMachine.cs:23)
RiftArena.Character.Fighter:FixedUpdate () (at Assets/_Project/Scripts/Character/Fighter.cs:203)

(Filename: Assets/_Project/Scripts/Character/StateMachine/States/AttackState.cs Line: 52)

[Combo] hit 2: light_punch
UnityEngine.Debug:ExtractStackTraceNoAlloc (byte*,int,string)
UnityEngine.StackTraceUtility:ExtractStackTrace () (at /Users/bokken/build/output/unity/unity/Runtime/Export/Scripting/StackTrace.cs:35)
UnityEngine.DebugLogHandler:Internal_Log (UnityEngine.LogType,UnityEngine.LogOption,string,UnityEngine.Object)
UnityEngine.DebugLogHandler:LogFormat (UnityEngine.LogType,UnityEngine.Object,string,object[])
UnityEngine.Logger:Log (UnityEngine.LogType,object)
UnityEngine.Debug:Log (object)
RiftArena.Character.States.AttackState:Enter () (at Assets/_Project/Scripts/Character/StateMachine/States/AttackState.cs:52)
RiftArena.Character.States.AttackState:Tick () (at Assets/_Project/Scripts/Character/StateMachine/States/AttackState.cs:105)
RiftArena.Character.FSM.StateMachine:Tick () (at Assets/_Project/Scripts/Character/StateMachine/StateMachine.cs:23)
RiftArena.Character.Fighter:FixedUpdate () (at Assets/_Project/Scripts/Character/Fighter.cs:203)

(Filename: Assets/_Project/Scripts/Character/StateMachine/States/AttackState.cs Line: 52)

[Combo] hit 3: light_punch
UnityEngine.Debug:ExtractStackTraceNoAlloc (byte*,int,string)
UnityEngine.StackTraceUtility:ExtractStackTrace () (at /Users/bokken/build/output/unity/unity/Runtime/Export/Scripting/StackTrace.cs:35)
UnityEngine.DebugLogHandler:Internal_Log (UnityEngine.LogType,UnityEngine.LogOption,string,UnityEngine.Object)
UnityEngine.DebugLogHandler:LogFormat (UnityEngine.LogType,UnityEngine.Object,string,object[])
UnityEngine.Logger:Log (UnityEngine.LogType,object)
UnityEngine.Debug:Log (object)
RiftArena.Character.States.AttackState:Enter () (at Assets/_Project/Scripts/Character/StateMachine/States/AttackState.cs:52)
RiftArena.Character.States.AttackState:Tick () (at Assets/_Project/Scripts/Character/StateMachine/States/AttackState.cs:105)
RiftArena.Character.FSM.StateMachine:Tick () (at Assets/_Project/Scripts/Character/StateMachine/StateMachine.cs:23)
RiftArena.Character.Fighter:FixedUpdate () (at Assets/_Project/Scripts/Character/Fighter.cs:203)

(Filename: Assets/_Project/Scripts/Character/StateMachine/States/AttackState.cs Line: 52)

[Combo] hit 4: light_punch
UnityEngine.Debug:ExtractStackTraceNoAlloc (byte*,int,string)
UnityEngine.StackTraceUtility:ExtractStackTrace () (at /Users/bokken/build/output/unity/unity/Runtime/Export/Scripting/StackTrace.cs:35)
UnityEngine.DebugLogHandler:Internal_Log (UnityEngine.LogType,UnityEngine.LogOption,string,UnityEngine.Object)
UnityEngine.DebugLogHandler:LogFormat (UnityEngine.LogType,UnityEngine.Object,string,object[])
UnityEngine.Logger:Log (UnityEngine.LogType,object)
UnityEngine.Debug:Log (object)
RiftArena.Character.States.AttackState:Enter () (at Assets/_Project/Scripts/Character/StateMachine/States/AttackState.cs:52)
RiftArena.Character.States.AttackState:Tick () (at Assets/_Project/Scripts/Character/StateMachine/States/AttackState.cs:105)
RiftArena.Character.FSM.StateMachine:Tick () (at Assets/_Project/Scripts/Character/StateMachine/StateMachine.cs:23)
RiftArena.Character.Fighter:FixedUpdate () (at Assets/_Project/Scripts/Character/Fighter.cs:203)

(Filename: Assets/_Project/Scripts/Character/StateMachine/States/AttackState.cs Line: 52)

[Combo] hit 5: light_punch
UnityEngine.Debug:ExtractStackTraceNoAlloc (byte*,int,string)
UnityEngine.StackTraceUtility:ExtractStackTrace () (at /Users/bokken/build/output/unity/unity/Runtime/Export/Scripting/StackTrace.cs:35)
UnityEngine.DebugLogHandler:Internal_Log (UnityEngine.LogType,UnityEngine.LogOption,string,UnityEngine.Object)
UnityEngine.DebugLogHandler:LogFormat (UnityEngine.LogType,UnityEngine.Object,string,object[])
UnityEngine.Logger:Log (UnityEngine.LogType,object)
UnityEngine.Debug:Log (object)
RiftArena.Character.States.AttackState:Enter () (at Assets/_Project/Scripts/Character/StateMachine/States/AttackState.cs:52)
RiftArena.Character.States.AttackState:Tick () (at Assets/_Project/Scripts/Character/StateMachine/States/AttackState.cs:105)
RiftArena.Character.FSM.StateMachine:Tick () (at Assets/_Project/Scripts/Character/StateMachine/StateMachine.cs:23)
RiftArena.Character.Fighter:FixedUpdate () (at Assets/_Project/Scripts/Character/Fighter.cs:203)

(Filename: Assets/_Project/Scripts/Character/StateMachine/States/AttackState.cs Line: 52)

[Combo] hit 6: light_punch
UnityEngine.Debug:ExtractStackTraceNoAlloc (byte*,int,string)
UnityEngine.StackTraceUtility:ExtractStackTrace () (at /Users/bokken/build/output/unity/unity/Runtime/Export/Scripting/StackTrace.cs:35)
UnityEngine.DebugLogHandler:Internal_Log (UnityEngine.LogType,UnityEngine.LogOption,string,UnityEngine.Object)
UnityEngine.DebugLogHandler:LogFormat (UnityEngine.LogType,UnityEngine.Object,string,object[])
UnityEngine.Logger:Log (UnityEngine.LogType,object)
UnityEngine.Debug:Log (object)
RiftArena.Character.States.AttackState:Enter () (at Assets/_Project/Scripts/Character/StateMachine/States/AttackState.cs:52)
RiftArena.Character.States.AttackState:Tick () (at Assets/_Project/Scripts/Character/StateMachine/States/AttackState.cs:105)
RiftArena.Character.FSM.StateMachine:Tick () (at Assets/_Project/Scripts/Character/StateMachine/StateMachine.cs:23)
RiftArena.Character.Fighter:FixedUpdate () (at Assets/_Project/Scripts/Character/Fighter.cs:203)

(Filename: Assets/_Project/Scripts/Character/StateMachine/States/AttackState.cs Line: 52)

[Combo] hit 7: light_punch
UnityEngine.Debug:ExtractStackTraceNoAlloc (byte*,int,string)
UnityEngine.StackTraceUtility:ExtractStackTrace () (at /Users/bokken/build/output/unity/unity/Runtime/Export/Scripting/StackTrace.cs:35)
UnityEngine.DebugLogHandler:Internal_Log (UnityEngine.LogType,UnityEngine.LogOption,string,UnityEngine.Object)
UnityEngine.DebugLogHandler:LogFormat (UnityEngine.LogType,UnityEngine.Object,string,object[])
UnityEngine.Logger:Log (UnityEngine.LogType,object)
UnityEngine.Debug:Log (object)
RiftArena.Character.States.AttackState:Enter () (at Assets/_Project/Scripts/Character/StateMachine/States/AttackState.cs:52)
RiftArena.Character.States.AttackState:Tick () (at Assets/_Project/Scripts/Character/StateMachine/States/AttackState.cs:105)
RiftArena.Character.FSM.StateMachine:Tick () (at Assets/_Project/Scripts/Character/StateMachine/StateMachine.cs:23)
RiftArena.Character.Fighter:FixedUpdate () (at Assets/_Project/Scripts/Character/Fighter.cs:203)

(Filename: Assets/_Project/Scripts/Character/StateMachine/States/AttackState.cs Line: 52)

[Combo] hit 8: light_punch
UnityEngine.Debug:ExtractStackTraceNoAlloc (byte*,int,string)
UnityEngine.StackTraceUtility:ExtractStackTrace () (at /Users/bokken/build/output/unity/unity/Runtime/Export/Scripting/StackTrace.cs:35)
UnityEngine.DebugLogHandler:Internal_Log (UnityEngine.LogType,UnityEngine.LogOption,string,UnityEngine.Object)
UnityEngine.DebugLogHandler:LogFormat (UnityEngine.LogType,UnityEngine.Object,string,object[])
UnityEngine.Logger:Log (UnityEngine.LogType,object)
UnityEngine.Debug:Log (object)
RiftArena.Character.States.AttackState:Enter () (at Assets/_Project/Scripts/Character/StateMachine/States/AttackState.cs:52)
RiftArena.Character.States.AttackState:Tick () (at Assets/_Project/Scripts/Character/StateMachine/States/AttackState.cs:105)
RiftArena.Character.FSM.StateMachine:Tick () (at Assets/_Project/Scripts/Character/StateMachine/StateMachine.cs:23)
RiftArena.Character.Fighter:FixedUpdate () (at Assets/_Project/Scripts/Character/Fighter.cs:203)

(Filename: Assets/_Project/Scripts/Character/StateMachine/States/AttackState.cs Line: 52)

[Combo] hit 9: light_punch
UnityEngine.Debug:ExtractStackTraceNoAlloc (byte*,int,string)
UnityEngine.StackTraceUtility:ExtractStackTrace () (at /Users/bokken/build/output/unity/unity/Runtime/Export/Scripting/StackTrace.cs:35)
UnityEngine.DebugLogHandler:Internal_Log (UnityEngine.LogType,UnityEngine.LogOption,string,UnityEngine.Object)
UnityEngine.DebugLogHandler:LogFormat (UnityEngine.LogType,UnityEngine.Object,string,object[])
UnityEngine.Logger:Log (UnityEngine.LogType,object)
UnityEngine.Debug:Log (object)
RiftArena.Character.States.AttackState:Enter () (at Assets/_Project/Scripts/Character/StateMachine/States/AttackState.cs:52)
RiftArena.Character.States.AttackState:Tick () (at Assets/_Project/Scripts/Character/StateMachine/States/AttackState.cs:105)
RiftArena.Character.FSM.StateMachine:Tick () (at Assets/_Project/Scripts/Character/StateMachine/StateMachine.cs:23)
RiftArena.Character.Fighter:FixedUpdate () (at Assets/_Project/Scripts/Character/Fighter.cs:203)

(Filename: Assets/_Project/Scripts/Character/StateMachine/States/AttackState.cs Line: 52)

[Combo] hit 10: light_punch
UnityEngine.Debug:ExtractStackTraceNoAlloc (byte*,int,string)
UnityEngine.StackTraceUtility:ExtractStackTrace () (at /Users/bokken/build/output/unity/unity/Runtime/Export/Scripting/StackTrace.cs:35)
UnityEngine.DebugLogHandler:Internal_Log (UnityEngine.LogType,UnityEngine.LogOption,string,UnityEngine.Object)
UnityEngine.DebugLogHandler:LogFormat (UnityEngine.LogType,UnityEngine.Object,string,object[])
UnityEngine.Logger:Log (UnityEngine.LogType,object)
UnityEngine.Debug:Log (object)
RiftArena.Character.States.AttackState:Enter () (at Assets/_Project/Scripts/Character/StateMachine/States/AttackState.cs:52)
RiftArena.Character.States.AttackState:Tick () (at Assets/_Project/Scripts/Character/StateMachine/States/AttackState.cs:105)
RiftArena.Character.FSM.StateMachine:Tick () (at Assets/_Project/Scripts/Character/StateMachine/StateMachine.cs:23)
RiftArena.Character.Fighter:FixedUpdate () (at Assets/_Project/Scripts/Character/Fighter.cs:203)

(Filename: Assets/_Project/Scripts/Character/StateMachine/States/AttackState.cs Line: 52)

[Combo] hit 1: light_punch
UnityEngine.Debug:ExtractStackTraceNoAlloc (byte*,int,string)
UnityEngine.StackTraceUtility:ExtractStackTrace () (at /Users/bokken/build/output/unity/unity/Runtime/Export/Scripting/StackTrace.cs:35)
UnityEngine.DebugLogHandler:Internal_Log (UnityEngine.LogType,UnityEngine.LogOption,string,UnityEngine.Object)
UnityEngine.DebugLogHandler:LogFormat (UnityEngine.LogType,UnityEngine.Object,string,object[])
UnityEngine.Logger:Log (UnityEngine.LogType,object)
UnityEngine.Debug:Log (object)
RiftArena.Character.States.AttackState:Enter () (at Assets/_Project/Scripts/Character/StateMachine/States/AttackState.cs:52)
RiftArena.Character.FSM.StateMachine:ChangeState (RiftArena.Character.FSM.IState) (at Assets/_Project/Scripts/Character/StateMachine/StateMachine.cs:18)
RiftArena.Character.States.IdleState:Tick () (at Assets/_Project/Scripts/Character/StateMachine/States/IdleState.cs:29)
RiftArena.Character.FSM.StateMachine:Tick () (at Assets/_Project/Scripts/Character/StateMachine/StateMachine.cs:23)
RiftArena.Character.Fighter:FixedUpdate () (at Assets/_Project/Scripts/Character/Fighter.cs:203)

(Filename: Assets/_Project/Scripts/Character/StateMachine/States/AttackState.cs Line: 52)

[Combo] hit 2: light_punch
UnityEngine.Debug:ExtractStackTraceNoAlloc (byte*,int,string)
UnityEngine.StackTraceUtility:ExtractStackTrace () (at /Users/bokken/build/output/unity/unity/Runtime/Export/Scripting/StackTrace.cs:35)
UnityEngine.DebugLogHandler:Internal_Log (UnityEngine.LogType,UnityEngine.LogOption,string,UnityEngine.Object)
UnityEngine.DebugLogHandler:LogFormat (UnityEngine.LogType,UnityEngine.Object,string,object[])
UnityEngine.Logger:Log (UnityEngine.LogType,object)
UnityEngine.Debug:Log (object)
RiftArena.Character.States.AttackState:Enter () (at Assets/_Project/Scripts/Character/StateMachine/States/AttackState.cs:52)
RiftArena.Character.States.AttackState:Tick () (at Assets/_Project/Scripts/Character/StateMachine/States/AttackState.cs:105)
RiftArena.Character.FSM.StateMachine:Tick () (at Assets/_Project/Scripts/Character/StateMachine/StateMachine.cs:23)
RiftArena.Character.Fighter:FixedUpdate () (at Assets/_Project/Scripts/Character/Fighter.cs:203)

(Filename: Assets/_Project/Scripts/Character/StateMachine/States/AttackState.cs Line: 52)

Unloading 2 Unused Serialized files (Serialized files now loaded: 0)
UnloadTime: 1.377833 ms
Loaded scene 'Assets/_Project/Scenes/MainMenu.unity'
	Deserialize:            3.630 ms
	Integration:            128.010 ms
	Integration of assets:  0.019 ms
	Thread Wait Time:       1.364 ms
	Total Operation Time:   133.024 ms
Unloading 34 unused Assets / (34.3 MB). Loaded Objects now: 9927.
Memory consumption went from 427.3 MB to 393.0 MB.
Total: 25.684416 ms (FindLiveObjects: 0.547292 ms CreateObjectMapping: 0.888333 ms MarkObjects: 22.869583 ms  DeleteObjects: 1.378625 ms)

Thread 0x17fec7000 may have been prematurely finalized
Unloading 8 Unused Serialized files (Serialized files now loaded: 0)
Loaded scene 'Temp/__Backupscenes/0.backup'
	Deserialize:            5.065 ms
	Integration:            123.188 ms
	Integration of assets:  1.043 ms
	Thread Wait Time:       0.004 ms
	Total Operation Time:   129.300 ms
Unloading 11 unused Assets / (297.0 KB). Loaded Objects now: 10576.
Memory consumption went from 389.0 MB to 388.7 MB.
Total: 23.886167 ms (FindLiveObjects: 0.343542 ms CreateObjectMapping: 0.935458 ms MarkObjects: 22.572041 ms  DeleteObjects: 0.034917 ms)

[Licensing::Client] Successfully resolved entitlement details
MaterialLocation.External is obsolete. External Material Location is no longer supported. (Assets/_Project/Arts/Environment/BoxingRing/source/boxing.fbx)
2026-09-28 17:07:02.514 Unity[22284:9999429] [Warning] TouchGestureResponder was not found in the responder chain during removal.
[Licensing::Client] Successfully updated the access token
[Licensing::Module] Successfully updated access token: "myMGw3fL"... (expires: 2026-09-28T12:35:49Z)
[Licensing::Client] Error: Code 404 while processing request (status: Found 0 entitlement groups and 0 free entitlements matching requested entitlement ids)
[Licensing::Client] Error: Code 404 while processing request (status: Found 0 entitlement groups and 0 free entitlements matching requested entitlement ids)
[Licensing::Client] Error: Code 404 while processing request (status: Found 0 entitlement groups and 0 free entitlements matching requested entitlement ids)
[Licensing::Client] Error: Code 404 while processing request (status: Found 0 entitlement groups and 0 free entitlements matching requested entitlement ids)
[Licensing::Client] Error: Code 404 while processing request (status: Found 0 entitlement groups and 0 free entitlements matching requested entitlement ids)
[Licensing::Client] Error: Code 404 while processing request (status: Found 0 entitlement groups and 0 free entitlements matching requested entitlement ids)
[Licensing::Client] Error: Code 404 while processing request (status: Found 0 entitlement groups and 0 free entitlements matching requested entitlement ids)
[Licensing::Client] Error: Code 404 while processing request (status: Found 0 entitlement groups and 0 free entitlements matching requested entitlement ids)
[Licensing::Client] Error: Code 404 while processing request (status: Found 0 entitlement groups and 0 free entitlements matching requested entitlement ids)
[Licensing::Client] Error: Code 404 while processing request (status: Found 0 entitlement groups and 0 free entitlements matching requested entitlement ids)
[Licensing::Client] Error: Code 404 while processing request (status: Found 0 entitlement groups and 0 free entitlements matching requested entitlement ids)
[Licensing::Client] Error: Code 404 while processing request (status: Found 0 entitlement groups and 0 free entitlements matching requested entitlement ids)
[Licensing::Client] Error: Code 404 while processing request (status: Found 0 entitlement groups and 0 free entitlements matching requested entitlement ids)
[Licensing::Client] Error: Code 404 while processing request (status: Found 0 entitlement groups and 0 free entitlements matching requested entitlement ids)
[Licensing::Client] Error: Code 404 while processing request (status: Found 0 entitlement groups and 0 free entitlements matching requested entitlement ids)
[Licensing::Client] Error: Code 404 while processing request (status: Found 0 entitlement groups and 0 free entitlements matching requested entitlement ids)
[Licensing::Client] Error: Code 404 while processing request (status: Found 0 entitlement groups and 0 free entitlements matching requested entitlement ids)
[Licensing::Client] Error: Code 404 while processing request (status: Found 0 entitlement groups and 0 free entitlements matching requested entitlement ids)
[Licensing::Client] Error: Code 404 while processing request (status: Found 0 entitlement groups and 0 free entitlements matching requested entitlement ids)
[Licensing::Client] Error: Code 404 while processing request (status: Found 0 entitlement groups and 0 free entitlements matching requested entitlement ids)
[Licensing::Client] Error: Code 404 while processing request (status: Found 0 entitlement groups and 0 free entitlements matching requested entitlement ids)
[Licensing::Client] Error: Code 404 while processing request (status: Found 0 entitlement groups and 0 free entitlements matching requested entitlement ids)
[Licensing::Client] Successfully resolved entitlement details

Asset Pipeline Refresh (id=49afd3d583b464648a69dc238fc29d06): Total: 0.808 seconds - Initiated by RefreshV2(AllowForceSynchronousImport)
	(Values over 0.05ms)
	Summary:
		Imports: total=0 (actual=0, local cache=0, cache server=0)
		Asset DB Process Time: managed=0 ms, native=796 ms
		Asset DB Callback time: managed=0 ms, native=10 ms
		Scripting: domain reloads=0, domain reload time=0 ms, compile time=0 ms, other=0 ms
		Project Asset Count: scripts=1805, non-scripts=5192
		Asset File Changes: new=0, changed=0, moved=0, deleted=0
		Scan Filter Count: 1
	InvokePackagesCallback: 9.436ms
	ApplyChangesToAssetFolders: 2.169ms
	Scan: 762.780ms
	Collect global state as custom dependencies: 1.862ms
	GatherAllCurrentPrimaryImportResultRevisions: 4.957ms
	UnloadStreamsBegin: 9.363ms
	UnloadStreamsEnd: 0.055ms
	Untracked: 14.987ms

2026-09-28 18:10:26.295 Unity[22284:9999429] [Warning] TouchGestureResponder was not found in the responder chain during removal.
MonoPathRemapper: Attempts to remap: 100376; Successful remaps: 30432
Thread 0x17b5c7000 may have been prematurely finalized
Serialized file version minimum: 23, current 23
[LAYOUT] About to save layout /Users/ocean/Desktop/Create with Code/Arena Last Fight/UserSettings/Layouts/default-6000.dwlt
[LAYOUT] About to save layout /Users/ocean/Library/Preferences/Unity/Editor-5.x/Layouts/current/default-6000.dwlt
Importing 'GUID: 0000000000000000b000000000000000 - Path: ProjectSettings/EditorBuildSettings.asset' with importer (LibraryAssetImporter)
Imported 'GUID: 0000000000000000b000000000000000' -> (Import Result ID: '6830bf58fb54ef3016940a3b0f2d42c6') in 0.016 seconds [static dependencies only]. Details - ImportResultOutputID=4647dd083cfc32cebcd7526e8846440c DependenciesID=6c295e3cc23cb363c546a1a0fa161302 StaticDependenciesID=4e0945f9b4237a2704b508ff5d90fda6 
Shutting down MSBuild server...
Shutting down VB/C# compiler server...
Preloading 1 native plugins for Editor in 5.14 ms.
Asset Pipeline Refresh (id=5e0bb408bad2342b680025086945bf2e): Total: 0.294 seconds - Initiated by StopAssetImportingV2(NoUpdateAssetOptions)
Thread 0x17fec7000 may have been prematurely finalized
VB/C# compiler server shut down successfully.
MSBuild server shut down successfully.
Input System module state changed to: ShutdownInProgress.
Input Polling Thread exited.
Input System module state changed to: Shutdown.
[Physics::Module] Cleanup current backend.
[Physics::Module] Id: 0xf2b8ea05
[Licensing::IpcConnector] LicenseClient-ocean-notifications channel disconnected successfully.
[Licensing::IpcConnector] LicenseClient-ocean channel disconnected successfully.
Thread 0x16e2af000 may have been prematurely finalized
Thread 0x16e4df000 may have been prematurely finalized
Thread 0x16e3c7000 may have been prematurely finalized
Thread 0x16e453000 may have been prematurely finalized
Thread 0x16e33b000 may have been prematurely finalized
Thread 0x16e5f7000 may have been prematurely finalized
Thread 0x16e56b000 may have been prematurely finalized
AcceleratorClientConnectionCallback - disconnected - :0
Thread 0x178df3000 may have been prematurely finalized
Cleanup mono
CodeReloadManager destroyed
info: Microsoft.Hosting.Lifetime[0]
      Application is shutting down...
info: Unity.ILPP.Runner.PostProcessingAssemblyLoadContext[0]
      ALC ILPP context 1 is unloading
debugger-agent: Unable to listen on 94
[usbmuxd] Stop listen thread
[usbmuxd] Error: 
[usbmuxd] Listen thread exiting
Checking for leaked weakptr:
  Found no leaked weakptrs.
[Package Manager] Server process was shutdown
##utp:{"type":"MemoryLeaks","version":2,"phase":"Immediate","time":1790593832422,"processId":22284,"allocatedMemory":51465572,"memoryLabels":[{"Default":226186},{"Permanent":15672},{"Thread":1055928},{"Manager":814974},{"VertexData":8},{"Geometry":408},{"Texture":24},{"Shader":860080},{"Material":24},{"GfxDevice":44768},{"GfxThread":3200},{"Animation":49608},{"Audio":1616},{"FreeType":8},{"FontEngine":736},{"Physics":2178},{"Physics2D":16},{"Serialization":120560},{"Input":43216},{"JobScheduler":448},{"TextLib":14763},{"Mono":56},{"MonoCode":504},{"ScriptingNativeRuntime":155024},{"BaseObject":1715952},{"Resource":984},{"Renderer":3600},{"Transform":4693},{"File":6762},{"WebCam":32},{"Culling":32},{"Terrain":11346},{"Wind":24},{"String":11234},{"StaticString":4140},{"Utility":2689152},{"PoolAlloc":2728},{"AI":80},{"TypeTree":19797},{"CodeReload":448},{"RuntimeInitializeOnLoadManager":64},{"Sprites":102},{"SpriteAtlas":120},{"GI":7240},{"CloudService":7312},{"WebRequest":4679},{"VR":46890},{"SceneManager":616},{"Video":2112},{"LazyScriptCache":32},{"NativeArray":33044944},{"Camera":17},{"Secure":9945},{"SerializationCache":1576},{"APIUpdating":10320},{"Subsystems":336},{"VirtualTexturing":57504},{"StaticSafetyDebugInfo":278528},{"Baselib":16},{"Analytics":528},{"Hierarchy":1608},{"UIElements":547320},{"CoreStats":13768},{"Identifiers":6768},{"Gui":280901},{"EditorUtility":220588},{"VersionControl":8},{"Undo":939},{"AssetDatabase":9015802},{"AssetImporter":40},{"EditorGi":328},{"UnityConnect":40042},{"Upm":1788},{"UpmDiagnostics":8},{"AssetCompliance":64},{"DrivenProperties":72},{"HubClient":848},{"LocalIPC":204},{"ProfilerEditor":9738},{"CoreBusinessMetrics":3085},{"Windowing":416},{"Licensing":960},{"AssetReference":32},{"IPCStream":6811}]}
