Unity Editor version:    6000.5.3f1 (c2eb47b3a2a9)
Branch:                  6000.5/staging
Build type:              Release
Batch mode:              NO
macOS version:           Version 26.6.2 (Build 25G83)
Darwin version:          25.6.0
Architecture:            arm64
Running under Rosetta:   NO
Available memory:        16384 MB
Date:                    2026-09-28T16:15:20Z
[Licensing::Module] Trying to connect to existing licensing client channel...
[Licensing::IpcConnector] Successfully connected to: "LicenseClient-ocean" at "2026-09-28T16:15:20.05154Z"

COMMAND LINE ARGUMENTS:
/Applications/Unity/Hub/Editor/6000.5.3f1/Unity.app/Contents/MacOS/Unity
-projectpath
/Users/ocean/Desktop/Create with Code/Arena Last Fight
-acceptSoftwareTermsForThisRunOnly
-useHub
-hubIPC
-cloudEnvironment
production
-licensingIpc
LicenseClient-ocean
-hubSessionId
d2bc3bd2-ea42-435e-a5ef-570b3aa7f545
-accessToken
Qor8xoLQJcCB7c0Nh8Lk7s3lWVKHyl5770NSb41UlJI011f
Successfully changed project path to: /Users/ocean/Desktop/Create with Code/Arena Last Fight
/Users/ocean/Desktop/Create with Code/Arena Last Fight
[UnityMemory] Configuration Parameters - Can be set up in boot.config
    "memorysetup-temp-allocator-size-gi-baking-worker=262144"
    "memorysetup-temp-allocator-size-gi-baking-worker=262144"
    "memorysetup-temp-allocator-size-gi-baking-worker=262144"
    "memorysetup-temp-allocator-size-gi-baking-worker=262144"
    "memorysetup-temp-allocator-size-gi-baking-worker=262144"
    "memorysetup-temp-allocator-size-nav-mesh-worker=65536"
    "memorysetup-temp-allocator-size-audio-worker=65536"
    "memorysetup-temp-allocator-size-cloud-worker=32768"
    "memorysetup-allocator-temp-initial-block-size-main=262144"
    "memorysetup-allocator-temp-initial-block-size-worker=262144"
    "memorysetup-temp-allocator-size-preload-manager=33554432"
    "memorysetup-temp-allocator-size-gfx=262144"
    "memorysetup-temp-allocator-size-background-worker=32768"
    "memorysetup-temp-allocator-size-job-worker=262144"
    "memorysetup-bucket-allocator-granularity=16"
    "memorysetup-bucket-allocator-bucket-count=8"
    "memorysetup-bucket-allocator-block-size=33554432"
    "memorysetup-bucket-allocator-block-count=8"
    "memorysetup-main-allocator-block-size=16777216"
    "memorysetup-thread-allocator-block-size=16777216"
    "memorysetup-main-allocator-mimalloc-enabled=0"
    "memorysetup-gfx-main-allocator-block-size=16777216"
    "memorysetup-gfx-thread-allocator-block-size=16777216"
    "memorysetup-cache-allocator-block-size=4194304"
    "memorysetup-typetree-allocator-block-size=2097152"
    "memorysetup-profiler-bucket-allocator-granularity=16"
    "memorysetup-profiler-bucket-allocator-bucket-count=8"
    "memorysetup-profiler-bucket-allocator-block-size=33554432"
    "memorysetup-profiler-bucket-allocator-block-count=8"
    "memorysetup-profiler-allocator-block-size=16777216"
    "memorysetup-profiler-editor-allocator-block-size=1048576"
    "memorysetup-temp-allocator-size-main=16777216"
    "memorysetup-job-temp-allocator-block-size=2097152"
    "memorysetup-job-temp-allocator-block-size-background=1048576"
    "memorysetup-job-temp-allocator-reduction-small-platforms=262144"
Player connection [8366088576]  Target information:

Player connection [8366088576]  * "[IP] 192.168.1.8 [Port] 55504 [Flags] 2 [Guid] 1330954480 [EditorId] 1330954480 [Version] 1048832 [Id] OSXEditor(0,Krisdipass-Laptop.local) [Debug] 1 [PackageName] OSXEditor [ProjectName] Editor" 

Player connection [8366088576] Host joined multi-casting on [225.0.0.222:54997]...
Player connection [8366088576] Host joined alternative multi-casting on [225.0.0.222:34997]...
Input System module state changed to: Initialized.
[Physics::Module] Initialized fallback backend.
[Physics::Module] Id: 0xdecafbad
[Licensing::Client] Handshaking with LicensingClient:
  Version:                 1.18.3+d7ffd15
  Session Id:              7c8a314c3e8440ee8af054887566037d
  Correlation Id:          15010b66bd27ca610835ce657e1fe951
  External correlation Id: 7424758166265857277
  Machine Id:              xFRuBs6/5eCP2pOyqJhQMoCG/2E=
[Licensing::Module] Successfully connected to LicensingClient on channel: "LicenseClient-ocean" (connect: 0.00s, validation: 0.00s, handshake: 0.40s)
[Licensing::IpcConnector] Successfully connected to: "LicenseClient-ocean-notifications" at "2026-09-28T16:15:20.456271Z"
[Licensing::Client] Successfully updated the access token
[Licensing::Module] Successfully updated the access token Qor8xoLQJc...
[Licensing::Client] Successfully resolved entitlement details
[Licensing::Module] License group:
  Id: 18968450114736-UnityPersXXXX
  Product: Unity Personal
  Type: Assigned
  Expiration: Unlimited
[Licensing::Client] Successfully updated license, isAsync: True, time: 0.00
[Licensing::Client] Successfully resolved entitlement details
[Licensing::Module] Licensing Background thread has ended after 0.42s
[Package Manager] Connected to IPC stream "Upm-41068" after 0.3 seconds.
[Licensing::Client] Successfully resolved entitlement details
Library Redirect Path: Library/
[Physics::Module] Selected backend.
[Physics::Module] Name: PhysX
[Physics::Module] Id: 0xf2b8ea05
[Physics::Module] SDK Version: 4.1.2
[Physics::Module] Integration Version: 1.0.0
[Physics::Module] Threading Mode: Multi-Threaded
Initialize engine version: 6000.5.3f1 (c2eb47b3a2a9)
[Subsystems] Discovering subsystems at path /Applications/Unity/Hub/Editor/6000.5.3f1/Unity.app/Contents/Resources/UnitySubsystems
[Subsystems] Discovering subsystems at path /Users/ocean/Desktop/Create with Code/Arena Last Fight/Assets
GfxDevice: creating device client; kGfxThreadingModeThreaded
 preferred device: Apple M2 (high power)
Metal devices available: 1
0: Apple M2 (high power)
Using device Apple M2 (high power)
Initializing Metal device caps: Apple M2
Mac GPU Family: 2
Apple GPU Family: 8
MSL Version: 3.0
Has Float MSAA: 1
Has Float Filtering: 1
ReadWrite Texture Tier: 2
Initialize mono
Mono path[0] = '/Applications/Unity/Hub/Editor/6000.5.3f1/Unity.app/Contents/Resources/Scripting/Managed'
Mono path[1] = '/Applications/Unity/Hub/Editor/6000.5.3f1/Unity.app/Contents/Resources/Scripting/BCLExtensions/runtime/netstandard2.1'
Mono path[2] = '/Applications/Unity/Hub/Editor/6000.5.3f1/Unity.app/Contents/Resources/Scripting/MonoBleedingEdge/lib/mono/unityjit-macos'
Mono config path = '/Applications/Unity/Hub/Editor/6000.5.3f1/Unity.app/Contents/Resources/Scripting/MonoBleedingEdge/etc'
Using monoOptions --debugger-agent=transport=dt_socket,embedding=1,server=y,suspend=n,address=127.0.0.1:56068
CodeReloadManager initialized
ImportWorker Server TCP listen port: 0
AcceleratorClientConnectionCallback - disconnected - :0
Begin MonoManager ReloadAssembly
Registering precompiled unity dll's ...
Register platform support module: /Applications/Unity/Hub/Editor/6000.5.3f1/PlaybackEngines/MacStandaloneSupport/UnityEditor.OSXStandalone.Extensions.dll
Register platform support module: /Applications/Unity/Hub/Editor/6000.5.3f1/PlaybackEngines/WindowsStandaloneSupport/UnityEditor.WindowsStandalone.Extensions.dll
[Licensing::Client] Successfully resolved entitlement details
Register platform support module: /Applications/Unity/Hub/Editor/6000.5.3f1/PlaybackEngines/iOSSupport/UnityEditor.iOS.Extensions.dll
Registered in 0.023234 seconds.
[usbmuxd] Start listen thread
Native extension for iOS target not found
[usbmuxd] Listen thread started
[usbmuxd] Send listen message
Native extension for WindowsStandalone target not found
Native extension for OSXStandalone target not found
Package Manager log level set to [2]
ScheduleIndexationOnStartup MainProcess:False IndexOnStartup:True
Mono: successfully reloaded assembly
- Finished resetting the current domain, in  0.404 seconds
Domain Reload Profiling: 880ms
	BeginReloadAssembly (113ms)
		CreateAndSetChildDomain (15ms)
	RebuildCommonClasses (4ms)
	RebuildNativeTypeToScriptingClass (21ms)
	initialDomainReloadingComplete (78ms)
	LoadAllAssembliesAndSetupDomain (259ms)
		LoadAssemblies (100ms)
		AnalyzeDomain (197ms)
			TypeCache.Refresh (194ms)
				TypeCache.ScanAssembly (177ms)
	FinalizeReload (404ms)
		SetupLoadedEditorAssemblies (0ms)
			InitializePlatformSupportModulesInManaged (129ms)
			BeforeProcessingInitializeOnLoad (57ms)
			ProcessInitializeOnLoadAttributes (78ms)
			ProcessInitializeOnLoadMethodAttributes (86ms)
[Licensing::Client] Successfully resolved entitlement details
Application.AssetDatabase Initial Refresh Start
[Package Manager] Restoring resolved packages state from cache
[Licensing::Client] Successfully resolved entitlement details
[Package Manager] Registered 59 packages:
  Packages from [https://packages.unity.com]:
    com.unity.ai.assistant@2.19.0-pre.2 (location: /Users/ocean/Desktop/Create with Code/Arena Last Fight/Library/PackageCache/com.unity.ai.assistant@8d1e3e89e3a7)
    com.unity.ai.inference@2.6.1 (location: /Users/ocean/Desktop/Create with Code/Arena Last Fight/Library/PackageCache/com.unity.ai.inference@9a123aee5df7)
    com.unity.cinemachine@3.1.7 (location: /Users/ocean/Desktop/Create with Code/Arena Last Fight/Library/PackageCache/com.unity.cinemachine@f3f96bcb59af)
    com.unity.inputsystem@1.19.0 (location: /Users/ocean/Desktop/Create with Code/Arena Last Fight/Library/PackageCache/com.unity.inputsystem@21a28c3a6c83)
    com.unity.splines@2.9.0 (location: /Users/ocean/Desktop/Create with Code/Arena Last Fight/Library/PackageCache/com.unity.splines@e6e1d5900acc)
    com.unity.burst@1.8.29 (location: /Users/ocean/Desktop/Create with Code/Arena Last Fight/Library/PackageCache/com.unity.burst@6bb9aca3ef38)
    com.unity.dt.app-ui@2.1.7 (location: /Users/ocean/Desktop/Create with Code/Arena Last Fight/Library/PackageCache/com.unity.dt.app-ui@b097002a00c2)
    com.unity.nuget.newtonsoft-json@3.2.2 (location: /Users/ocean/Desktop/Create with Code/Arena Last Fight/Library/PackageCache/com.unity.nuget.newtonsoft-json@4dfd81071c64)
    com.unity.nuget.mono-cecil@1.11.6 (location: /Users/ocean/Desktop/Create with Code/Arena Last Fight/Library/PackageCache/com.unity.nuget.mono-cecil@ecb9724e46ff)
    com.unity.searcher@4.9.4 (location: /Users/ocean/Desktop/Create with Code/Arena Last Fight/Library/PackageCache/com.unity.searcher@d45a78918735)
    com.unity.settings-manager@2.1.1 (location: /Users/ocean/Desktop/Create with Code/Arena Last Fight/Library/PackageCache/com.unity.settings-manager@0b8638c5ce86)
    com.unity.test-framework.performance@3.5.0 (location: /Users/ocean/Desktop/Create with Code/Arena Last Fight/Library/PackageCache/com.unity.test-framework.performance@8b56083ec0f0)
  Built-in packages:
    com.unity.multiplayer.center@1.0.1 (location: /Users/ocean/Desktop/Create with Code/Arena Last Fight/Library/PackageCache/com.unity.multiplayer.center@b860850997d0)
    com.unity.render-pipelines.universal@17.5.0 (location: /Users/ocean/Desktop/Create with Code/Arena Last Fight/Library/PackageCache/com.unity.render-pipelines.universal@276396f56b3f)
    com.unity.ugui@2.5.0 (location: /Users/ocean/Desktop/Create with Code/Arena Last Fight/Library/PackageCache/com.unity.ugui@377fd60ad87b)
    com.unity.modules.accessibility@1.0.0 (location: /Users/ocean/Desktop/Create with Code/Arena Last Fight/Library/PackageCache/com.unity.modules.accessibility)
    com.unity.modules.adaptiveperformance@1.0.0 (location: /Users/ocean/Desktop/Create with Code/Arena Last Fight/Library/PackageCache/com.unity.modules.adaptiveperformance)
    com.unity.modules.ai@1.0.0 (location: /Users/ocean/Desktop/Create with Code/Arena Last Fight/Library/PackageCache/com.unity.modules.ai)
    com.unity.modules.androidjni@1.0.0 (location: /Users/ocean/Desktop/Create with Code/Arena Last Fight/Library/PackageCache/com.unity.modules.androidjni)
    com.unity.modules.animation@1.0.0 (location: /Users/ocean/Desktop/Create with Code/Arena Last Fight/Library/PackageCache/com.unity.modules.animation)
    com.unity.modules.assetbundle@1.0.0 (location: /Users/ocean/Desktop/Create with Code/Arena Last Fight/Library/PackageCache/com.unity.modules.assetbundle)
    com.unity.modules.audio@1.0.0 (location: /Users/ocean/Desktop/Create with Code/Arena Last Fight/Library/PackageCache/com.unity.modules.audio)
    com.unity.modules.cloth@1.0.0 (location: /Users/ocean/Desktop/Create with Code/Arena Last Fight/Library/PackageCache/com.unity.modules.cloth)
    com.unity.modules.director@1.0.0 (location: /Users/ocean/Desktop/Create with Code/Arena Last Fight/Library/PackageCache/com.unity.modules.director)
    com.unity.modules.imageconversion@1.0.0 (location: /Users/ocean/Desktop/Create with Code/Arena Last Fight/Library/PackageCache/com.unity.modules.imageconversion)
    com.unity.modules.imgui@1.0.0 (location: /Users/ocean/Desktop/Create with Code/Arena Last Fight/Library/PackageCache/com.unity.modules.imgui)
    com.unity.modules.jsonserialize@1.0.0 (location: /Users/ocean/Desktop/Create with Code/Arena Last Fight/Library/PackageCache/com.unity.modules.jsonserialize)
    com.unity.modules.particlesystem@1.0.0 (location: /Users/ocean/Desktop/Create with Code/Arena Last Fight/Library/PackageCache/com.unity.modules.particlesystem)
    com.unity.modules.physics@1.0.0 (location: /Users/ocean/Desktop/Create with Code/Arena Last Fight/Library/PackageCache/com.unity.modules.physics)
    com.unity.modules.physics2d@1.0.0 (location: /Users/ocean/Desktop/Create with Code/Arena Last Fight/Library/PackageCache/com.unity.modules.physics2d)
    com.unity.modules.physicscore2d@1.0.0 (location: /Users/ocean/Desktop/Create with Code/Arena Last Fight/Library/PackageCache/com.unity.modules.physicscore2d)
    com.unity.modules.screencapture@1.0.0 (location: /Users/ocean/Desktop/Create with Code/Arena Last Fight/Library/PackageCache/com.unity.modules.screencapture)
    com.unity.modules.terrain@1.0.0 (location: /Users/ocean/Desktop/Create with Code/Arena Last Fight/Library/PackageCache/com.unity.modules.terrain)
    com.unity.modules.terrainphysics@1.0.0 (location: /Users/ocean/Desktop/Create with Code/Arena Last Fight/Library/PackageCache/com.unity.modules.terrainphysics)
    com.unity.modules.tilemap@1.0.0 (location: /Users/ocean/Desktop/Create with Code/Arena Last Fight/Library/PackageCache/com.unity.modules.tilemap)
    com.unity.modules.ui@1.0.0 (location: /Users/ocean/Desktop/Create with Code/Arena Last Fight/Library/PackageCache/com.unity.modules.ui)
    com.unity.modules.uielements@1.0.0 (location: /Users/ocean/Desktop/Create with Code/Arena Last Fight/Library/PackageCache/com.unity.modules.uielements)
    com.unity.modules.umbra@1.0.0 (location: /Users/ocean/Desktop/Create with Code/Arena Last Fight/Library/PackageCache/com.unity.modules.umbra)
    com.unity.modules.unityanalytics@1.0.0 (location: /Users/ocean/Desktop/Create with Code/Arena Last Fight/Library/PackageCache/com.unity.modules.unityanalytics)
    com.unity.modules.unitywebrequest@1.0.0 (location: /Users/ocean/Desktop/Create with Code/Arena Last Fight/Library/PackageCache/com.unity.modules.unitywebrequest)
    com.unity.modules.unitywebrequestassetbundle@1.0.0 (location: /Users/ocean/Desktop/Create with Code/Arena Last Fight/Library/PackageCache/com.unity.modules.unitywebrequestassetbundle)
    com.unity.modules.unitywebrequestaudio@1.0.0 (location: /Users/ocean/Desktop/Create with Code/Arena Last Fight/Library/PackageCache/com.unity.modules.unitywebrequestaudio)
    com.unity.modules.unitywebrequesttexture@1.0.0 (location: /Users/ocean/Desktop/Create with Code/Arena Last Fight/Library/PackageCache/com.unity.modules.unitywebrequesttexture)
    com.unity.modules.unitywebrequestwww@1.0.0 (location: /Users/ocean/Desktop/Create with Code/Arena Last Fight/Library/PackageCache/com.unity.modules.unitywebrequestwww)
    com.unity.modules.vectorgraphics@1.0.0 (location: /Users/ocean/Desktop/Create with Code/Arena Last Fight/Library/PackageCache/com.unity.modules.vectorgraphics)
    com.unity.modules.vehicles@1.0.0 (location: /Users/ocean/Desktop/Create with Code/Arena Last Fight/Library/PackageCache/com.unity.modules.vehicles)
    com.unity.modules.video@1.0.0 (location: /Users/ocean/Desktop/Create with Code/Arena Last Fight/Library/PackageCache/com.unity.modules.video)
    com.unity.modules.wind@1.0.0 (location: /Users/ocean/Desktop/Create with Code/Arena Last Fight/Library/PackageCache/com.unity.modules.wind)
    com.unity.modules.xr@1.0.0 (location: /Users/ocean/Desktop/Create with Code/Arena Last Fight/Library/PackageCache/com.unity.modules.xr)
    com.unity.modules.subsystems@1.0.0 (location: /Users/ocean/Desktop/Create with Code/Arena Last Fight/Library/PackageCache/com.unity.modules.subsystems)
    com.unity.modules.hierarchycore@1.0.0 (location: /Users/ocean/Desktop/Create with Code/Arena Last Fight/Library/PackageCache/com.unity.modules.hierarchycore)
    com.unity.render-pipelines.core@17.5.0 (location: /Users/ocean/Desktop/Create with Code/Arena Last Fight/Library/PackageCache/com.unity.render-pipelines.core@0733e3164aa3)
    com.unity.shadergraph@17.5.0 (location: /Users/ocean/Desktop/Create with Code/Arena Last Fight/Library/PackageCache/com.unity.shadergraph@8aa9acb51790)
    com.unity.render-pipelines.universal-config@17.5.0 (location: /Users/ocean/Desktop/Create with Code/Arena Last Fight/Library/PackageCache/com.unity.render-pipelines.universal-config@fdda01c80fe3)
    com.unity.collections@6.5.0 (location: /Users/ocean/Desktop/Create with Code/Arena Last Fight/Library/PackageCache/com.unity.collections@a43cabe808ca)
    com.unity.2d.sprite@1.0.0 (location: /Users/ocean/Desktop/Create with Code/Arena Last Fight/Library/PackageCache/com.unity.2d.sprite@053a968eab56)
    com.unity.mathematics@1.4.0 (location: /Users/ocean/Desktop/Create with Code/Arena Last Fight/Library/PackageCache/com.unity.mathematics@981956d94fb6)
    com.unity.test-framework@1.7.0 (location: /Users/ocean/Desktop/Create with Code/Arena Last Fight/Library/PackageCache/com.unity.test-framework@1405238725ab)
    com.unity.ext.nunit@2.1.0 (location: /Users/ocean/Desktop/Create with Code/Arena Last Fight/Library/PackageCache/com.unity.ext.nunit@44f7d31723bd)
[Subsystems] No new subsystems found in resolved package list.
[Package Manager] Done registering packages in 0.01 seconds
Assembly reference Packages/com.unity.cinemachine/Editor/Samples/ExposeHDRPInternals/HDRP-Editor-ref.asmref has no target assembly definition
Assembly reference Packages/com.unity.cinemachine/Editor/Samples/ExposeHDRPInternals/HDRP-Editor-ref.asmref has no target assembly definition
info: Microsoft.Hosting.Lifetime[14]
      Now listening on: http://unix:/tmp/ilpp.sock-0d655f47d9554b2d75876669d6abf31e
info: Microsoft.Hosting.Lifetime[0]
      Application started. Press Ctrl+C to shut down.
info: Microsoft.Hosting.Lifetime[0]
      Hosting environment: Production
info: Microsoft.Hosting.Lifetime[0]
      Content root path: /Users/ocean/Desktop/Create with Code/Arena Last Fight
info: Microsoft.AspNetCore.Hosting.Diagnostics[1]
      Request starting HTTP/2 POST http://ilpp/UnityILPP.PostProcessing/Ping - application/grpc -
info: Microsoft.AspNetCore.Routing.EndpointMiddleware[0]
      Executing endpoint 'gRPC - /UnityILPP.PostProcessing/Ping'
info: Microsoft.AspNetCore.Routing.EndpointMiddleware[1]
      Executed endpoint 'gRPC - /UnityILPP.PostProcessing/Ping'
info: Microsoft.AspNetCore.Hosting.Diagnostics[2]
      Request finished HTTP/2 POST http://ilpp/UnityILPP.PostProcessing/Ping - 200 - application/grpc 30.1868ms
Starting: /Applications/Unity/Hub/Editor/6000.5.3f1/Unity.app/Contents/Resources/BuildPipeline/bee_backend --ipc --defer-dag-verification --dagfile="Library/Bee/200b0aE.dag" --continue-on-failure --profile="Library/Bee/backend1.traceevents" ScriptAssemblies
WorkingDir: /Users/ocean/Desktop/Create with Code/Arena Last Fight
info: Microsoft.AspNetCore.Hosting.Diagnostics[1]
      Request starting HTTP/2 POST http://ilpp/UnityILPP.PostProcessing/ConfigurePostProcessors - application/grpc -
info: Microsoft.AspNetCore.Routing.EndpointMiddleware[0]
      Executing endpoint 'gRPC - /UnityILPP.PostProcessing/ConfigurePostProcessors'
warn: Unity.ILPP.Runner.PostProcessingAssemblyLoadContext[0]
      Assembly unityeditor.ios.extensions.xcode has duplicate hint path. Ignoring "/Applications/Unity/Hub/Editor/6000.5.3f1/PlaybackEngines/iOSSupport/UnityEditor.iOS.Extensions.Xcode.dll" in favor of "/Applications/Unity/Hub/Editor/6000.5.3f1/PlaybackEngines/MacStandaloneSupport/UnityEditor.iOS.Extensions.Xcode.dll"
warn: Unity.ILPP.Runner.PostProcessingAssemblyLoadContext[0]
      Assembly system.runtime.interopservices.windowsruntime has duplicate hint path. Ignoring "/Applications/Unity/Hub/Editor/6000.5.3f1/Unity.app/Contents/Resources/Scripting/UnityReferenceAssemblies/unity-4.8-api/Facades/System.Runtime.InteropServices.WindowsRuntime.dll" in favor of "/Applications/Unity/Hub/Editor/6000.5.3f1/Unity.app/Contents/Resources/Scripting/NetStandard/Extensions/2.0.0/System.Runtime.InteropServices.WindowsRuntime.dll"
warn: Unity.ILPP.Runner.PostProcessingAssemblyLoadContext[0]
      Assembly system.componentmodel.composition has duplicate hint path. Ignoring "/Applications/Unity/Hub/Editor/6000.5.3f1/Unity.app/Contents/Resources/Scripting/UnityReferenceAssemblies/unity-4.8-api/System.ComponentModel.Composition.dll" in favor of "/Applications/Unity/Hub/Editor/6000.5.3f1/Unity.app/Contents/Resources/Scripting/NetStandard/compat/2.1.0/shims/netfx/System.ComponentModel.Composition.dll"
info: Unity.ILPP.Runner.PostProcessingAssemblyLoadContext[0]
      Resolved Unity.Burst.Cecil, Version=0.11.6.0, Culture=neutral, PublicKeyToken=50cebf1cceb9d05e with Library/PackageCache/com.unity.burst@6bb9aca3ef38/Unity.Burst.CodeGen/Unity.Burst.Cecil.dll
info: Unity.ILPP.Runner.PostProcessingAssemblyLoadContext[0]
      Resolved Mono.Cecil, Version=0.11.5.0, Culture=neutral, PublicKeyToken=50cebf1cceb9d05e with Library/PackageCache/com.unity.nuget.mono-cecil@ecb9724e46ff/Mono.Cecil.dll
info: Microsoft.AspNetCore.Routing.EndpointMiddleware[1]
      Executed endpoint 'gRPC - /UnityILPP.PostProcessing/ConfigurePostProcessors'
info: Microsoft.AspNetCore.Hosting.Diagnostics[2]
      Request finished HTTP/2 POST http://ilpp/UnityILPP.PostProcessing/ConfigurePostProcessors - 200 - application/grpc 16.0728ms
ExitCode: 0 Duration: 0s362ms
[ 968/1302  0s] ILPP-Configuration Library/ilpp-configuration.nevergeneratedoutput
*** Tundra build success (0.34 seconds), 1 items updated, 1302 evaluated
AssetDatabase: script compilation time: 1.120863s
Begin MonoManager ReloadAssembly
Total cache size 268425788
Total cache size after purge 268425788, took 00:00:00.1991436
Symbol file LoadedFromMemory is not a mono symbol file
Symbol file LoadedFromMemory is not a mono symbol file
Assembly reference Packages/com.unity.cinemachine/Editor/Samples/ExposeHDRPInternals/HDRP-Editor-ref.asmref has no target assembly definition
'Packages/com.unity.cinemachine/Editor/Editors/CinemachineVirtualCameraBaseEditor.cs' contains partial class of Unity.Object, exactly 1 of the partial classes needs to be in a file with the same filename. This is to know the one that can be referenced from ie. GameObjects
'Packages/com.unity.cinemachine/Editor/Obsolete/CinemachineVirtualCameraBaseEditor.cs' contains partial class of Unity.Object, exactly 1 of the partial classes needs to be in a file with the same filename. This is to know the one that can be referenced from ie. GameObjects
Native extension for iOS target not found
Native extension for WindowsStandalone target not found
Native extension for OSXStandalone target not found
[Licensing::Client] Error: Code 404 while processing request (status: Found 0 entitlement groups and 0 free entitlements matching requested entitlement ids)
ScheduleIndexationOnStartup MainProcess:True IndexOnStartup:True
Mono: successfully reloaded assembly
- Finished resetting the current domain, in  2.564 seconds
Domain Reload Profiling: 3237ms
	BeginReloadAssembly (126ms)
		DisableScriptedObjects (12ms)
		CreateAndSetChildDomain (36ms)
	RebuildCommonClasses (5ms)
	RebuildNativeTypeToScriptingClass (11ms)
	initialDomainReloadingComplete (44ms)
	LoadAllAssembliesAndSetupDomain (485ms)
		LoadAssemblies (231ms)
		AnalyzeDomain (231ms)
			TypeCache.Refresh (187ms)
				TypeCache.ScanAssembly (172ms)
			BuildScriptInfoCaches (38ms)
			ResolveRequiredComponents (4ms)
	FinalizeReload (2564ms)
		SetupLoadedEditorAssemblies (0ms)
			InitializePlatformSupportModulesInManaged (13ms)
			BeforeProcessingInitializeOnLoad (75ms)
			ProcessInitializeOnLoadAttributes (1855ms)
			ProcessInitializeOnLoadMethodAttributes (425ms)
		AwakeInstancesAfterBackupRestoration (10ms)
Starting new worker id: 0 with log in /Users/ocean/Desktop/Create with Code/Arena Last Fight/Logs/AssetImportWorkerHW0.log
Failed to find entry-points:
System.Exception: Error while loading assembly references for Unity.AI.Sound ---> System.ArgumentException: Byte array for GUID must be exactly 16 bytes long.
Parameter name: b
  at System.Guid..ctor (System.ReadOnlySpan`1[T] b) [0x0001a] in <299d5c9ae27b4d27af003e5f456f4b13>:0 
  at System.Guid..ctor (System.Byte[] b) [0x00016] in <299d5c9ae27b4d27af003e5f456f4b13>:0 
  at Burst.Compiler.IL.Hashing.Storage.ILHashingResultRuntime.GetHeader (System.String hashCachePath) [0x0002d] in <e55fa4270c8a4cb18b54084f9d890962>:0 
  at Burst.Compiler.IL.Hashing.CacheRuntime.HashCacheLoader.CreateHashingResult (Mono.Cecil.AssemblyNameReference assemblyNameReference, Burst.Compiler.IL.AssemblyLoader assemblyLoader, Burst.Compiler.IL.Helpers.DebugLogWriter debugLogWriter) [0x00046] in <e55fa4270c8a4cb18b54084f9d890962>:0 
  at Burst.Compiler.IL.Hashing.CacheRuntime.HashCacheAssemblyStore.GetAssemblyState (System.String assemblyName, Burst.Compiler.IL.AssemblyLoader assemblyLoader) [0x000a0] in <e55fa4270c8a4cb18b54084f9d890962>:0 
  at Burst.Compiler.IL.Server.EntryPointMethodFinder.LoadAllAssemblyReferences (Mono.Cecil.AssemblyDefinition asmDef, System.Collections.Generic.Dictionary`2[TKey,TValue] visited, System.Collections.Generic.Dictionary`2[TKey,TValue] jobProducers, Burst.Compiler.IL.Hashing.CacheRuntime.HashCacheAssemblyStore assemblyStore, Burst.Compiler.IL.AssemblyLoader assemblyLoader) [0x00025] in <e55fa4270c8a4cb18b54084f9d890962>:0 
  at Burst.Compiler.IL.Server.EntryPointMethodFinder.LoadAllAssemblyReferences (Mono.Cecil.AssemblyDefinition asmDef, System.Collections.Generic.Dictionary`2[TKey,TValue] visited, System.Collections.Generic.Dictionary`2[TKey,TValue] jobProducers, Burst.Compiler.IL.Hashing.CacheRuntime.HashCacheAssemblyStore assemblyStore, Burst.Compiler.IL.AssemblyLoader assemblyLoader) [0x0018a] in <e55fa4270c8a4cb18b54084f9d890962>:0 
  at Burst.Compiler.IL.Server.EntryPointMethodFinder.LoadAllAssemblyReferences (Mono.Cecil.AssemblyDefinition asmDef, System.Collections.Generic.Dictionary`2[TKey,TValue] visited, System.Collections.Generic.Dictionary`2[TKey,TValue] jobProducers, Burst.Compiler.IL.Hashing.CacheRuntime.HashCacheAssemblyStore assemblyStore, Burst.Compiler.IL.AssemblyLoader assemblyLoader) [0x0018a] in <e55fa4270c8a4cb18b54084f9d890962>:0 
  at Burst.Compiler.IL.Server.EntryPointMethodFinder.LoadAllAssemblyReferences (Mono.Cecil.AssemblyDefinition asmDef, System.Collections.Generic.Dictionary`2[TKey,TValue] visited, System.Collections.Generic.Dictionary`2[TKey,TValue] jobProducers, Burst.Compiler.IL.Hashing.CacheRuntime.HashCacheAssemblyStore assemblyStore, Burst.Compiler.IL.AssemblyLoader assemblyLoader) [0x0018a] in <e55fa4270c8a4cb18b54084f9d890962>:0 
  at Burst.Compiler.IL.Server.EntryPointMethodFinder.FindEntryPoints (System.String[] rootAssemblyNames, Burst.Compiler.IL.Hashing.CacheRuntime.HashCacheAssemblyStore assemblyStore, Burst.Compiler.IL.AssemblyLoader assemblyLoader, Burst.Compiler.IL.NativeCompilerOptions options, Burst.Compiler.IL.Server.ProfileDelegate profileCallback, System.Boolean includeRootAssemblyReferences, System.Boolean splitTargets) [0x00071] in <e55fa4270c8a4cb18b54084f9d890962>:0 
   --- End of inner exception stack trace ---
  at Burst.Compiler.IL.Server.EntryPointMethodFinder.FindEntryPoints (System.String[] rootAssemblyNames, Burst.Compiler.IL.Hashing.CacheRuntime.HashCacheAssemblyStore assemblyStore, Burst.Compiler.IL.AssemblyLoader assemblyLoader, Burst.Compiler.IL.NativeCompilerOptions options, Burst.Compiler.IL.Server.ProfileDelegate profileCallback, System.Boolean includeRootAssemblyReferences, System.Boolean splitTargets) [0x00094] in <e55fa4270c8a4cb18b54084f9d890962>:0 
  at Burst.Compiler.IL.Server.CompilerServer+<>c__DisplayClass18_1.<FindMethods>b__0 (Burst.Compiler.IL.Server.Caching.CacheManager cacheManager) [0x0005e] in <e55fa4270c8a4cb18b54084f9d890962>:0 
  at Burst.Compiler.IL.Server.CompilerServer+<>c__DisplayClass26_0`1[TResult].<RunTask>b__0 () [0x00145] in <e55fa4270c8a4cb18b54084f9d890962>:0 
  at Burst.Compiler.IL.Server.CompilerServer.RunTask[TResult] (Burst.Compiler.IL.Server.TargetKey target, System.String taskName, System.String[] assemblyFolders, System.Threading.CancellationToken cancellationToken, System.Func`2[T,TResult] function) [0x00131] in <e55fa4270c8a4cb18b54084f9d890962>:0 
  at Burst.Compiler.IL.Server.CompilerServer.FindMethods (Burst.Compiler.IL.Server.CompilerServerOptions options, Burst.Compiler.IL.Aot.AotCompilerOptions aotOptions, Burst.Compiler.IL.AssemblyDefinesDict assemblyDefines, Burst.Compiler.IL.Server.TargetKey target, Burst.Compiler.IL.Server.Caching.CacheManager cacheManager, Burst.Compiler.IL.CompilerStatistics stats, System.Threading.CancellationToken cancellationToken) [0x00299] in <e55fa4270c8a4cb18b54084f9d890962>:0 
  at Burst.Compiler.IL.Server.CompilerServer+<>c__DisplayClass26_0`1[TResult].<RunTask>b__0 () [0x00145] in <e55fa4270c8a4cb18b54084f9d890962>:0 
  at Burst.Compiler.IL.Server.CompilerServer.RunTask[TResult] (Burst.Compiler.IL.Server.TargetKey target, System.String taskName, System.String[] assemblyFolders, System.Threading.CancellationToken cancellationToken, System.Func`2[T,TResult] function) [0x00131] in <e55fa4270c8a4cb18b54084f9d890962>:0 
  at Burst.Compiler.IL.Server.CompilerServer.Compile (Burst.Compiler.IL.Server.CompilerServerOptions options, Burst.Compiler.IL.Server.CompilationMessageStreamer streamer, System.Threading.CancellationToken cancellationToken) [0x001ca] in <e55fa4270c8a4cb18b54084f9d890962>:0 

While compiling job:

Asset Pipeline Refresh (id=811b519b91d9843d5bb2492db58cd8c2): Total: 5.561 seconds - Initiated by InitialRefreshV2(ForceSynchronousImport)
	(Values over 0.05ms)
	Summary:
		Imports: total=0 (actual=0, local cache=0, cache server=0)
		Asset DB Process Time: managed=0 ms, native=3523 ms
		Asset DB Callback time: managed=164 ms, native=8 ms
		Scripting: domain reloads=1, domain reload time=700 ms, compile time=1122 ms, other=42 ms
		Project Asset Count: scripts=1805, non-scripts=5192
		Asset File Changes: new=0, changed=0, moved=0, deleted=0
		Scan Filter Count: 1
	InvokePackagesCallback: 9.035ms
	ApplyChangesToAssetFolders: 0.262ms
	Scan: 519.496ms
	Collect global state as custom dependencies: 2.236ms
	CategorizeScriptCompilationAssets: 57.902ms
	ProcessAssetsWithTransientArtifactChanges: 58.778ms
	CategorizeAssets: 81.331ms
	CompileScripts: 1121.792ms
	ImportOutOfDateAssets: 2653.609ms (2582.547ms without children)
		UnloadImportedAssets: 0.754ms
		EnsureUptoDateAssetsAreRegisteredWithGuidPM: 0.883ms
		ImportSchedulerStart: 69.387ms
	PostProcessAllAssets: 164.622ms
		MonoPostProcessAllAssets: 164.587ms
			UniversalRenderPipelineGlobalSettingsPostprocessor.OnPostprocessAllAssets 8.307ms
			GraphRefreshPostprocessor.OnPostprocessAllAssets 1.189ms
			WindowAssetPostprocessingWatcher.OnPostprocessAllAssets 1.054ms
			SpeedTree9Postprocessor.OnPostprocessAllAssets 1.050ms
			SyncVS.PostprocessSyncProject 0.606ms
			EditModeScopePostprocessor.OnPostprocessAllAssets 0.593ms
			AssetChangeDetector.OnPostprocessAllAssets 0.579ms
			RenderPipelineGlobalSettingsPostprocessor.OnPostprocessAllAssets 0.396ms
			ShaderReflectionAssetPostProcessor.OnPostprocessAllAssets 0.207ms
			CinemachineSettings.OnPostprocessAllAssets 0.169ms
			InputActionAssetPostprocessor.OnPostprocessAllAssets 0.159ms
			ReferencedClipsPostProcessor.OnPostprocessAllAssets 0.151ms
			DomainReloadProcessor.OnPostprocessAllAssets 0.126ms
			ProjectSettingsPostprocessor.OnPostprocessAllAssets 0.121ms
			TerrainToolbarOverlayPostProcessor.OnPostprocessAllAssets 0.117ms
			PipelineAssetProcessor.OnPostprocessAllAssets 0.092ms
			AssetDatabaseCallbacks.OnPostprocessAllAssets 0.090ms
	UnloadStreamsBegin: 10.236ms
	PersistCurrentRevisions: 0.174ms
	GenerateScriptTypeHashes: 2.132ms
	GenerateScriptTypeSerializationHashes: 3.754ms
	Untracked: 879.027ms

Application.AssetDatabase Initial Refresh End
Shader Hidden/ChartRasterizerHardware is not supported: GPU does not support conservative rasterization
Launching external process: /Applications/Unity/Hub/Editor/6000.5.3f1/Unity.app/Contents/Helpers/UnityShaderCompiler
Launched and connected shader compiler UnityShaderCompiler after 0.10 seconds
Shader Hidden/ChartRasterizerHardware is not supported: GPU does not support conservative rasterization
Scanning for USB devices : 0.196ms
Initializing Unity extensions:
[MODES] ModeService[none].Initialize
[MODES] ModeService[none].LoadModes
[MODES] Loading mode Default (0) for mode-current-id-RiftArena
2026-09-28 23:15:28.922 Unity[41068:10299447] NSEventModifierFlagFunction specified to -setKeyEquivalentModifierMask: for item <NSMenuItem: 0xb4a94d7c0 SDF, ke='Command-F12'>, but is only supported for system-provided menu items; will not be used
Unloading 79 Unused Serialized files (Serialized files now loaded: 0)
Loaded scene 'Assets/_Project/Scenes/Arenas/MVP1_Arena.unity'
	Deserialize:            29.795 ms
	Integration:            189.246 ms
	Integration of assets:  4.850 ms
	Thread Wait Time:       -0.086 ms
	Total Operation Time:   223.805 ms
Unloading 7717 unused Assets / (24.5 MB). Loaded Objects now: 9497.
Memory consumption went from 330.1 MB to 305.6 MB.
Total: 23.634000 ms (FindLiveObjects: 0.474042 ms CreateObjectMapping: 2.246167 ms MarkObjects: 15.451083 ms  DeleteObjects: 5.460458 ms)

[LAYOUT] About to load UserSettings/Layouts/default-6000.dwlt, keepMainWindow=False
Worker ready: AssetImportWorkerHW0 0
[LAYOUT] About to save layout /Users/ocean/Desktop/Create with Code/Arena Last Fight/UserSettings/Layouts/default-6000.dwlt
[LAYOUT] About to save layout /Users/ocean/Library/Preferences/Unity/Editor-5.x/Layouts/current/default-6000.dwlt
[MODES] ModeService[default].InitializeCurrentMode
[MODES] ModeService[default].RaiseModeChanged(default, default)
This project uses Input Manager, which is marked for deprecation. To manage input in your project, use the <a href="https://docs.unity3d.com/Packages/com.unity.inputsystem@latest">Input System package</a> instead.
[Project] Loading completed in 9.666 seconds
	Project init time: 				8.518 seconds
		Template init time: 		0.000 seconds
		Package Manager init time: 		0.263 seconds
		Asset Database init time: 		0.659 seconds
		Global illumination init time: 	0.001 seconds
		Assemblies load time: 			0.940 seconds
		Unity extensions init time: 	0.034 seconds
		Asset Database refresh time: 	5.563 seconds
	Scene opening time: 			0.934 seconds
##utp:{"type":"ProjectInfo","version":2,"phase":"Immediate","time":1790612129694,"processId":41068,"projectLoad":9.666041291,"projectInit":8.517949375,"templateInit":0.0,"packageManagerInit":0.263159167,"assetDatabaseInit":0.65862,"globalIlluminationInit":0.001409958,"assembliesLoad":0.940068625,"unityExtensionsInit":0.0338325,"assetDatabaseRefresh":5.563211792,"sceneOpening":0.934184458}
##utp:{"type":"EditorInfo","version":2,"phase":"Immediate","time":1790612129694,"processId":41068,"editorVersion":"6000.5.3f1 (c2eb47b3a2a9)","branch":"6000.5/staging","buildType":"Release","platform":"OSX"}
Subscribe to USB device events
Scanning for USB devices : 0.204ms
Start Indexing on Editor startup
[Indexing] Starting Initial Indexing for Assets
[INFO ] [relay] relay.startup port=9001 mcpClientPort=9002 editorPid=41068
[INFO ] [relay] log === RELAY SERVER STARTED === (unity-ai-relay v1.0.12-build.99)
[INFO ] [relay] log TLS trust: NODE_USE_SYSTEM_CA=on systemCAs=5 bundledCAs=145
[INFO ] [relay] log Starting relay server...
[INFO ] [relay] log Command line arguments: ["bun","/$bunfs/root/relay_mac_arm64","--relay","--port","9001","--mcp-client-port","9002","--editor-pid","41068","--shutdown-delay","180","--log-dir","/Users/ocean/Desktop/Create with Code/Arena Last Fight/Logs"]
[INFO ] [relay] log Parsed config: {"port":9001,"mcpClientPort":9002,"editorPid":"41068","shutdownDelaySeconds":180}
[INFO ] [relay] log Initializing relay components...
[INFO ] [relay] log Creating RelayEditor...
[INFO ] [relay] log WebSocket server started
[INFO ] [relay] log Relay server initialization completed
[INFO ] [relay] log MCP Client initialized at port: 9002
[INFO ] [relay] log Unity MCP Relay server started | Port: 9002 | Endpoints: /mcp/start-server, /mcp/stop-server, /mcp/server-status, /mcp/call-tool
[INFO ] [relay] log Unity client connected with ID: editor-41068-bfoucs (relay 1.0.12-build.99)
[INFO ] [relay] connection.established clientId=editor-41068-bfoucs port=9001
MaterialLocation.External is obsolete. External Material Location is no longer supported. (Assets/_Project/Arts/Environment/BoxingRing/source/boxing.fbx)
[INFO ] [relay] log [shell-env] PATH augmented with shell environment (21 entries)
2026-09-28 23:15:31.801 Unity[41068:10299447] [Warning] TouchGestureResponder was not found in the responder chain during removal.
2026-09-28 23:15:31.801 Unity[41068:10299447] [Warning] TouchGestureResponder was not found in the responder chain during removal.
2026-09-28 23:15:31.801 Unity[41068:10299447] [Warning] TouchGestureResponder was not found in the responder chain during removal.
Created GICache directory at /Users/ocean/Library/Caches/com.unity3d.UnityEditor/GiCache. Took: 0.022s, timestamps: [9.677 - 9.699]
[Licensing::Client] Successfully resolved entitlement details
[Licensing::Client] Successfully resolved entitlement details
[Licensing::Client] Successfully resolved entitlement details
[Licensing::Client] Successfully updated the access token
[Licensing::Module] Successfully updated access token: "Qor8xoLQ"... (expires: 2026-09-28T16:34:18Z)
[Licensing::Client] Successfully resolved entitlement details
Thread 0x337207000 may have been prematurely finalized
Reloading assemblies for play mode.
Reloading assemblies after forced synchronous recompile.
Begin MonoManager ReloadAssembly
2026-09-28 23:15:49.244 Unity[41068:10299447] NSEventModifierFlagFunction specified to -setKeyEquivalentModifierMask: for item <NSMenuItem: 0xb4a94d5e0 SDF, ke='Command-F12'>, but is only supported for system-provided menu items; will not be used
2026-09-28 23:15:49.247 Unity[41068:10299447] NSEventModifierFlagFunction specified to -setKeyEquivalentModifierMask: for item <NSMenuItem: 0xb4a941fe0 SDF, ke='Command-F12'>, but is only supported for system-provided menu items; will not be used
2026-09-28 23:15:49.251 Unity[41068:10299447] NSEventModifierFlagFunction specified to -setKeyEquivalentModifierMask: for item <NSMenuItem: 0xb4a942940 SDF, ke='Command-F12'>, but is only supported for system-provided menu items; will not be used
2026-09-28 23:15:49.255 Unity[41068:10299447] NSEventModifierFlagFunction specified to -setKeyEquivalentModifierMask: for item <NSMenuItem: 0xb4a941e00 SDF, ke='Command-F12'>, but is only supported for system-provided menu items; will not be used
[INFO ] [relay] log Domain reload signal received from client editor-41068-bfoucs
<CFData 0xb363a2a80 [0x1f4119308]>{length = 6, capacity = 6, bytes = 0x74a6cdf34579}
[INFO ] [relay] log Client disconnected - blocking and caching for recovery
[WARN ] [relay] connection.lost clientId=null
[WARN ] [relay] log Client disconnected - sessions will persist until auto-shutdown, reason: Client disconnected
[INFO ] [relay] log Auto-shutdown timer started due to client disconnection
Symbol file LoadedFromMemory is not a mono symbol file
Symbol file LoadedFromMemory is not a mono symbol file
Assembly reference Packages/com.unity.cinemachine/Editor/Samples/ExposeHDRPInternals/HDRP-Editor-ref.asmref has no target assembly definition
2026-09-28 23:15:50.033 Unity[41068:10299447] [Warning] TouchGestureResponder was not found in the responder chain during removal.
'Packages/com.unity.cinemachine/Editor/Obsolete/CinemachineVirtualCameraBaseEditor.cs' contains partial class of Unity.Object, exactly 1 of the partial classes needs to be in a file with the same filename. This is to know the one that can be referenced from ie. GameObjects
'Packages/com.unity.cinemachine/Editor/Editors/CinemachineVirtualCameraBaseEditor.cs' contains partial class of Unity.Object, exactly 1 of the partial classes needs to be in a file with the same filename. This is to know the one that can be referenced from ie. GameObjects
Native extension for iOS target not found
Native extension for WindowsStandalone target not found
Native extension for OSXStandalone target not found
[Licensing::Client] Error: Code 404 while processing request (status: Found 0 entitlement groups and 0 free entitlements matching requested entitlement ids)
ScheduleIndexationOnStartup MainProcess:True IndexOnStartup:True
[MODES] ModeService[none].Initialize
[MODES] ModeService[none].LoadModes
Mono: successfully reloaded assembly
- Finished resetting the current domain, in  1.317 seconds
Domain Reload Profiling: 2110ms
	BeginReloadAssembly (574ms)
		DisableScriptedObjects (42ms)
		CreateAndSetChildDomain (390ms)
	RebuildCommonClasses (6ms)
	RebuildNativeTypeToScriptingClass (12ms)
	initialDomainReloadingComplete (44ms)
	LoadAllAssembliesAndSetupDomain (157ms)
		LoadAssemblies (133ms)
		AnalyzeDomain (15ms)
			TypeCache.Refresh (8ms)
			ResolveRequiredComponents (5ms)
	FinalizeReload (1317ms)
		SetupLoadedEditorAssemblies (0ms)
			InitializePlatformSupportModulesInManaged (14ms)
			BeforeProcessingInitializeOnLoad (94ms)
			ProcessInitializeOnLoadAttributes (369ms)
			ProcessInitializeOnLoadMethodAttributes (192ms)
		AwakeInstancesAfterBackupRestoration (357ms)
No restricted APIs configured; Validation skipped.
Checking 27 assemblies for restricted APIs found 0 usage(s) in 4 ms

Asset Pipeline Refresh (id=aba98b089948342b0944e1aefeed2247): Total: 3.397 seconds - Initiated by StopAssetImportingV2(ForceSynchronousImport | ForceDomainReload)
	(Values over 0.05ms)
	Summary:
		Imports: total=0 (actual=0, local cache=0, cache server=0)
		Asset DB Process Time: managed=0 ms, native=1662 ms
		Asset DB Callback time: managed=669 ms, native=165 ms
		Scripting: domain reloads=1, domain reload time=898 ms, compile time=1 ms, other=0 ms
		Project Asset Count: scripts=1805, non-scripts=5192
		Asset File Changes: new=0, changed=0, moved=0, deleted=0
		Scan Filter Count: 0
	InvokePackagesCallback: 1.156ms
	ApplyChangesToAssetFolders: 0.238ms
	Collect global state as custom dependencies: 1.077ms
	ProcessAssetsWithTransientArtifactChanges: 116.030ms
	CategorizeAssets: 78.583ms
	CompileScripts: 1.028ms
	ImportOutOfDateAssets: 1387.521ms (1333.116ms without children)
		CollectScriptTypesHashes: 2.052ms
		ReloadNativeAssets: 0.950ms
		UnloadImportedAssets: 0.888ms
		EnsureUptoDateAssetsAreRegisteredWithGuidPM: 0.990ms
		ImportSchedulerStart: 51.551ms
	PostProcessAllAssets: 824.633ms
		AssemblyValidation.PostprocessAllAssets 27.295ms
		PostprocessAssetsUpdateCachedIcon 18.041ms
		PostProcessCallbackCreateDeferredMaterials 14.999ms
		RaytracingShaderImportPostprocess 9.414ms
		ShaderAssetModifiedCallback 9.324ms
		ComputeShaderImportPostprocess 8.781ms
		SpeedTreeImporter.PostprocessAllAssets 7.752ms
		LocalizationDatabase.AssetDatabasePostprocessCallback 3.529ms
		BlockShaderImporter.PostprocessAllAssets 3.341ms
		XRBuildSystem.XRAssetImported 0.089ms
		MonoPostProcessAllAssets: 667.679ms
			ShaderGraphAssetPostProcessor.OnPostprocessAllAssets 162.850ms
			AssetPostprocessor.OnPostprocessAllAssets 83.442ms
			PostProcessor.OnPostprocessAllAssets 44.508ms
			MaterialPostprocessor.OnPostprocessAllAssets 30.838ms
			InputActionAssetPostprocessor.OnPostprocessAllAssets 30.490ms
			InputActionJsonNameModifierAssetProcessor.OnPostprocessAllAssets 30.463ms
			AssetReferenceReimportMonitor.OnPostprocessAllAssets 25.056ms
			TextAssetPostProcessor.OnPostprocessAllAssets 18.253ms
			SpriteSlicePostprocessor.OnPostprocessAllAssets 17.113ms
			AssetChangedListener.OnPostprocessAllAssets 11.181ms
			UniversalRenderPipelineGlobalSettingsPostprocessor.OnPostprocessAllAssets 6.088ms
			BuilderAssetPostprocessor.OnPostprocessAllAssets 4.555ms
			RenderPipelineGlobalSettingsPostprocessor.OnPostprocessAllAssets 3.767ms
			SpeedTree9Postprocessor.OnPostprocessAllAssets 2.717ms
			GraphRefreshPostprocessor.OnPostprocessAllAssets 1.227ms
			RetainedModeAssetPostprocessor.OnPostprocessAllAssets 1.099ms
			WindowAssetPostprocessingWatcher.OnPostprocessAllAssets 1.010ms
			SyncVS.PostprocessSyncProject 0.741ms
			AssetChangeDetector.OnPostprocessAllAssets 0.532ms
			SpriteEditorTexturePostprocessor.OnPostprocessAllAssets 0.519ms
			SkillsProjectAssetPostprocessor.OnPostprocessAllAssets 0.519ms
			StyleCatalogPostProcessor.OnPostprocessAllAssets 0.385ms
			ShaderReflectionAssetPostProcessor.OnPostprocessAllAssets 0.329ms
			SpeedTreePostProcessor.OnPostprocessAllAssets 0.295ms
			ArtifactBrowserPostProcessor.OnPostprocessAllAssets 0.290ms
			ModelAssetProcessor.OnPostprocessAllAssets 0.210ms
			ProjectSettingsPostprocessor.OnPostprocessAllAssets 0.190ms
			AudioMixerPostprocessor.OnPostprocessAllAssets 0.178ms
			CinemachineSettings.OnPostprocessAllAssets 0.169ms
			EditModeScopePostprocessor.OnPostprocessAllAssets 0.168ms
			TMPro_TexturePostProcessor.OnPostprocessAllAssets 0.157ms
			ReferencedClipsPostProcessor.OnPostprocessAllAssets 0.149ms
			SampleDependencyImporterPostProcessor.OnPostprocessAllAssets 0.145ms
			DomainReloadProcessor.OnPostprocessAllAssets 0.118ms
			AssetEvents.OnPostprocessAllAssets 0.113ms
			TerrainToolbarOverlayPostProcessor.OnPostprocessAllAssets 0.091ms
			SamplePostprocessor.OnPostprocessAllAssets 0.075ms
			PipelineAssetProcessor.OnPostprocessAllAssets 0.071ms
			AssetDatabaseCallbacks.OnPostprocessAllAssets 0.068ms
			ConfigAssetsTracker.OnPostprocessAllAssets 0.059ms
			ScenarioDriftAssetsTracker.OnPostprocessAllAssets 0.055ms
	PostAssetChangesProfiler: 9.644ms
	GatherAllCurrentPrimaryImportResultRevisions: 0.779ms
	UnloadStreamsBegin: 3.241ms
	PersistCurrentRevisions: 0.177ms
	GenerateScriptTypeHashes: 4.159ms
	GenerateScriptTypeSerializationHashes: 7.202ms
	Untracked: 969.148ms

Loaded scene 'Temp/__Backupscenes/0.backup'
	Deserialize:            3.943 ms
	Integration:            565.719 ms
	Integration of assets:  0.021 ms
	Thread Wait Time:       0.003 ms
	Total Operation Time:   569.687 ms
2026-09-28 23:15:53.618 Unity[41068:10299447] [Warning] TouchGestureResponder was not found in the responder chain during removal.
2026-09-28 23:15:53.619 Unity[41068:10299447] [Warning] TouchGestureResponder was not found in the responder chain during removal.
[Licensing::Client] Successfully resolved entitlement details
[Licensing::Client] Successfully resolved entitlement details
[INFO ] [relay] log Unity client connected with ID: editor-41068-bes3bp (relay 1.0.12-build.99)
[INFO ] [relay] connection.established clientId=editor-41068-bes3bp port=9001
[Licensing::Client] Successfully resolved entitlement details
[Combo] hit 1: light_punch
UnityEngine.Debug:ExtractStackTraceNoAlloc (byte*,int,string)
UnityEngine.StackTraceUtility:ExtractStackTrace () (at /Users/bokken/build/output/unity/unity/Runtime/Export/Scripting/StackTrace.cs:35)
UnityEngine.DebugLogHandler:Internal_Log (UnityEngine.LogType,UnityEngine.LogOption,string,UnityEngine.Object)
UnityEngine.DebugLogHandler:LogFormat (UnityEngine.LogType,UnityEngine.Object,string,object[])
UnityEngine.Logger:Log (UnityEngine.LogType,object)
UnityEngine.Debug:Log (object)
RiftArena.Character.States.AttackState:Enter () (at Assets/_Project/Scripts/Character/StateMachine/States/AttackState.cs:52)
RiftArena.Character.FSM.StateMachine:ChangeState (RiftArena.Character.FSM.IState) (at Assets/_Project/Scripts/Character/StateMachine/StateMachine.cs:18)
RiftArena.Character.States.IdleState:Tick () (at Assets/_Project/Scripts/Character/StateMachine/States/IdleState.cs:29)
RiftArena.Character.FSM.StateMachine:Tick () (at Assets/_Project/Scripts/Character/StateMachine/StateMachine.cs:23)
RiftArena.Character.Fighter:FixedUpdate () (at Assets/_Project/Scripts/Character/Fighter.cs:203)

(Filename: Assets/_Project/Scripts/Character/StateMachine/States/AttackState.cs Line: 52)

[Combo] hit 2: light_punch
UnityEngine.Debug:ExtractStackTraceNoAlloc (byte*,int,string)
UnityEngine.StackTraceUtility:ExtractStackTrace () (at /Users/bokken/build/output/unity/unity/Runtime/Export/Scripting/StackTrace.cs:35)
UnityEngine.DebugLogHandler:Internal_Log (UnityEngine.LogType,UnityEngine.LogOption,string,UnityEngine.Object)
UnityEngine.DebugLogHandler:LogFormat (UnityEngine.LogType,UnityEngine.Object,string,object[])
UnityEngine.Logger:Log (UnityEngine.LogType,object)
UnityEngine.Debug:Log (object)
RiftArena.Character.States.AttackState:Enter () (at Assets/_Project/Scripts/Character/StateMachine/States/AttackState.cs:52)
RiftArena.Character.States.AttackState:Tick () (at Assets/_Project/Scripts/Character/StateMachine/States/AttackState.cs:105)
RiftArena.Character.FSM.StateMachine:Tick () (at Assets/_Project/Scripts/Character/StateMachine/StateMachine.cs:23)
RiftArena.Character.Fighter:FixedUpdate () (at Assets/_Project/Scripts/Character/Fighter.cs:203)

(Filename: Assets/_Project/Scripts/Character/StateMachine/States/AttackState.cs Line: 52)

[Combo] hit 1: light_punch
UnityEngine.Debug:ExtractStackTraceNoAlloc (byte*,int,string)
UnityEngine.StackTraceUtility:ExtractStackTrace () (at /Users/bokken/build/output/unity/unity/Runtime/Export/Scripting/StackTrace.cs:35)
UnityEngine.DebugLogHandler:Internal_Log (UnityEngine.LogType,UnityEngine.LogOption,string,UnityEngine.Object)
UnityEngine.DebugLogHandler:LogFormat (UnityEngine.LogType,UnityEngine.Object,string,object[])
UnityEngine.Logger:Log (UnityEngine.LogType,object)
UnityEngine.Debug:Log (object)
RiftArena.Character.States.AttackState:Enter () (at Assets/_Project/Scripts/Character/StateMachine/States/AttackState.cs:52)
RiftArena.Character.FSM.StateMachine:ChangeState (RiftArena.Character.FSM.IState) (at Assets/_Project/Scripts/Character/StateMachine/StateMachine.cs:18)
RiftArena.Character.States.IdleState:Tick () (at Assets/_Project/Scripts/Character/StateMachine/States/IdleState.cs:29)
RiftArena.Character.FSM.StateMachine:Tick () (at Assets/_Project/Scripts/Character/StateMachine/StateMachine.cs:23)
RiftArena.Character.Fighter:FixedUpdate () (at Assets/_Project/Scripts/Character/Fighter.cs:203)

(Filename: Assets/_Project/Scripts/Character/StateMachine/States/AttackState.cs Line: 52)

[Combo] hit 1: light_punch
UnityEngine.Debug:ExtractStackTraceNoAlloc (byte*,int,string)
UnityEngine.StackTraceUtility:ExtractStackTrace () (at /Users/bokken/build/output/unity/unity/Runtime/Export/Scripting/StackTrace.cs:35)
UnityEngine.DebugLogHandler:Internal_Log (UnityEngine.LogType,UnityEngine.LogOption,string,UnityEngine.Object)
UnityEngine.DebugLogHandler:LogFormat (UnityEngine.LogType,UnityEngine.Object,string,object[])
UnityEngine.Logger:Log (UnityEngine.LogType,object)
UnityEngine.Debug:Log (object)
RiftArena.Character.States.AttackState:Enter () (at Assets/_Project/Scripts/Character/StateMachine/States/AttackState.cs:52)
RiftArena.Character.FSM.StateMachine:ChangeState (RiftArena.Character.FSM.IState) (at Assets/_Project/Scripts/Character/StateMachine/StateMachine.cs:18)
RiftArena.Character.States.IdleState:Tick () (at Assets/_Project/Scripts/Character/StateMachine/States/IdleState.cs:29)
RiftArena.Character.FSM.StateMachine:Tick () (at Assets/_Project/Scripts/Character/StateMachine/StateMachine.cs:23)
RiftArena.Character.Fighter:FixedUpdate () (at Assets/_Project/Scripts/Character/Fighter.cs:203)

(Filename: Assets/_Project/Scripts/Character/StateMachine/States/AttackState.cs Line: 52)

TrimDiskCacheJob: Current cache size 0mb
[Combo] hit 1: light_punch
UnityEngine.Debug:ExtractStackTraceNoAlloc (byte*,int,string)
UnityEngine.StackTraceUtility:ExtractStackTrace () (at /Users/bokken/build/output/unity/unity/Runtime/Export/Scripting/StackTrace.cs:35)
UnityEngine.DebugLogHandler:Internal_Log (UnityEngine.LogType,UnityEngine.LogOption,string,UnityEngine.Object)
UnityEngine.DebugLogHandler:LogFormat (UnityEngine.LogType,UnityEngine.Object,string,object[])
UnityEngine.Logger:Log (UnityEngine.LogType,object)
UnityEngine.Debug:Log (object)
RiftArena.Character.States.AttackState:Enter () (at Assets/_Project/Scripts/Character/StateMachine/States/AttackState.cs:52)
RiftArena.Character.FSM.StateMachine:ChangeState (RiftArena.Character.FSM.IState) (at Assets/_Project/Scripts/Character/StateMachine/StateMachine.cs:18)
RiftArena.Character.States.IdleState:Tick () (at Assets/_Project/Scripts/Character/StateMachine/States/IdleState.cs:29)
RiftArena.Character.FSM.StateMachine:Tick () (at Assets/_Project/Scripts/Character/StateMachine/StateMachine.cs:23)
RiftArena.Character.Fighter:FixedUpdate () (at Assets/_Project/Scripts/Character/Fighter.cs:203)

(Filename: Assets/_Project/Scripts/Character/StateMachine/States/AttackState.cs Line: 52)

2026-09-28 23:16:05.210 Unity[41068:10299447] NSEventModifierFlagFunction specified to -setKeyEquivalentModifierMask: for item <NSMenuItem: 0xb4a94eee0 SDF, ke='Command-F12'>, but is only supported for system-provided menu items; will not be used
[Combo] hit 1: light_punch
UnityEngine.Debug:ExtractStackTraceNoAlloc (byte*,int,string)
UnityEngine.StackTraceUtility:ExtractStackTrace () (at /Users/bokken/build/output/unity/unity/Runtime/Export/Scripting/StackTrace.cs:35)
UnityEngine.DebugLogHandler:Internal_Log (UnityEngine.LogType,UnityEngine.LogOption,string,UnityEngine.Object)
UnityEngine.DebugLogHandler:LogFormat (UnityEngine.LogType,UnityEngine.Object,string,object[])
UnityEngine.Logger:Log (UnityEngine.LogType,object)
UnityEngine.Debug:Log (object)
RiftArena.Character.States.AttackState:Enter () (at Assets/_Project/Scripts/Character/StateMachine/States/AttackState.cs:52)
RiftArena.Character.FSM.StateMachine:ChangeState (RiftArena.Character.FSM.IState) (at Assets/_Project/Scripts/Character/StateMachine/StateMachine.cs:18)
RiftArena.Character.States.IdleState:Tick () (at Assets/_Project/Scripts/Character/StateMachine/States/IdleState.cs:29)
RiftArena.Character.FSM.StateMachine:Tick () (at Assets/_Project/Scripts/Character/StateMachine/StateMachine.cs:23)
RiftArena.Character.Fighter:FixedUpdate () (at Assets/_Project/Scripts/Character/Fighter.cs:203)

(Filename: Assets/_Project/Scripts/Character/StateMachine/States/AttackState.cs Line: 52)

[Combo] hit 1: light_punch
UnityEngine.Debug:ExtractStackTraceNoAlloc (byte*,int,string)
UnityEngine.StackTraceUtility:ExtractStackTrace () (at /Users/bokken/build/output/unity/unity/Runtime/Export/Scripting/StackTrace.cs:35)
UnityEngine.DebugLogHandler:Internal_Log (UnityEngine.LogType,UnityEngine.LogOption,string,UnityEngine.Object)
UnityEngine.DebugLogHandler:LogFormat (UnityEngine.LogType,UnityEngine.Object,string,object[])
UnityEngine.Logger:Log (UnityEngine.LogType,object)
UnityEngine.Debug:Log (object)
RiftArena.Character.States.AttackState:Enter () (at Assets/_Project/Scripts/Character/StateMachine/States/AttackState.cs:52)
RiftArena.Character.FSM.StateMachine:ChangeState (RiftArena.Character.FSM.IState) (at Assets/_Project/Scripts/Character/StateMachine/StateMachine.cs:18)
RiftArena.Character.States.IdleState:Tick () (at Assets/_Project/Scripts/Character/StateMachine/States/IdleState.cs:29)
RiftArena.Character.FSM.StateMachine:Tick () (at Assets/_Project/Scripts/Character/StateMachine/StateMachine.cs:23)
RiftArena.Character.Fighter:FixedUpdate () (at Assets/_Project/Scripts/Character/Fighter.cs:203)

(Filename: Assets/_Project/Scripts/Character/StateMachine/States/AttackState.cs Line: 52)

[Combo] hit 1: light_punch
UnityEngine.Debug:ExtractStackTraceNoAlloc (byte*,int,string)
UnityEngine.StackTraceUtility:ExtractStackTrace () (at /Users/bokken/build/output/unity/unity/Runtime/Export/Scripting/StackTrace.cs:35)
UnityEngine.DebugLogHandler:Internal_Log (UnityEngine.LogType,UnityEngine.LogOption,string,UnityEngine.Object)
UnityEngine.DebugLogHandler:LogFormat (UnityEngine.LogType,UnityEngine.Object,string,object[])
UnityEngine.Logger:Log (UnityEngine.LogType,object)
UnityEngine.Debug:Log (object)
RiftArena.Character.States.AttackState:Enter () (at Assets/_Project/Scripts/Character/StateMachine/States/AttackState.cs:52)
RiftArena.Character.FSM.StateMachine:ChangeState (RiftArena.Character.FSM.IState) (at Assets/_Project/Scripts/Character/StateMachine/StateMachine.cs:18)
RiftArena.Character.States.IdleState:Tick () (at Assets/_Project/Scripts/Character/StateMachine/States/IdleState.cs:29)
RiftArena.Character.FSM.StateMachine:Tick () (at Assets/_Project/Scripts/Character/StateMachine/StateMachine.cs:23)
RiftArena.Character.Fighter:FixedUpdate () (at Assets/_Project/Scripts/Character/Fighter.cs:203)

(Filename: Assets/_Project/Scripts/Character/StateMachine/States/AttackState.cs Line: 52)

[Combo] hit 1: light_punch
UnityEngine.Debug:ExtractStackTraceNoAlloc (byte*,int,string)
UnityEngine.StackTraceUtility:ExtractStackTrace () (at /Users/bokken/build/output/unity/unity/Runtime/Export/Scripting/StackTrace.cs:35)
UnityEngine.DebugLogHandler:Internal_Log (UnityEngine.LogType,UnityEngine.LogOption,string,UnityEngine.Object)
UnityEngine.DebugLogHandler:LogFormat (UnityEngine.LogType,UnityEngine.Object,string,object[])
UnityEngine.Logger:Log (UnityEngine.LogType,object)
UnityEngine.Debug:Log (object)
RiftArena.Character.States.AttackState:Enter () (at Assets/_Project/Scripts/Character/StateMachine/States/AttackState.cs:52)
RiftArena.Character.FSM.StateMachine:ChangeState (RiftArena.Character.FSM.IState) (at Assets/_Project/Scripts/Character/StateMachine/StateMachine.cs:18)
RiftArena.Character.States.IdleState:Tick () (at Assets/_Project/Scripts/Character/StateMachine/States/IdleState.cs:29)
RiftArena.Character.FSM.StateMachine:Tick () (at Assets/_Project/Scripts/Character/StateMachine/StateMachine.cs:23)
RiftArena.Character.Fighter:FixedUpdate () (at Assets/_Project/Scripts/Character/Fighter.cs:203)

(Filename: Assets/_Project/Scripts/Character/StateMachine/States/AttackState.cs Line: 52)

Account API did not become accessible within 30 seconds. This may be due to network issues or editor focus.
UnityEngine.Debug:ExtractStackTraceNoAlloc (byte*,int,string)
UnityEngine.StackTraceUtility:ExtractStackTrace () (at /Users/bokken/build/output/unity/unity/Runtime/Export/Scripting/StackTrace.cs:35)
UnityEngine.DebugLogHandler:Internal_Log (UnityEngine.LogType,UnityEngine.LogOption,string,UnityEngine.Object)
UnityEngine.DebugLogHandler:LogFormat (UnityEngine.LogType,UnityEngine.Object,string,object[])
UnityEngine.Logger:Log (UnityEngine.LogType,object)
UnityEngine.Debug:LogWarning (object)
Unity.AI.Toolkit.Accounts.Services.States.ApiAccessibleState/<WaitForCloudProjectSettings>d__4:MoveNext () (at ./Library/PackageCache/com.unity.ai.assistant@8d1e3e89e3a7/Modules/Unity.AI.Toolkit.Accounts/Services/States/ApiAccessibleState.cs:46)
System.Runtime.CompilerServices.AsyncMethodBuilderCore/MoveNextRunner:InvokeMoveNext (object)
System.Threading.ExecutionContext:RunInternal (System.Threading.ExecutionContext,System.Threading.ContextCallback,object,bool)
System.Threading.ExecutionContext:Run (System.Threading.ExecutionContext,System.Threading.ContextCallback,object,bool)
System.Runtime.CompilerServices.AsyncMethodBuilderCore/MoveNextRunner:Run ()
System.Threading.Tasks.AwaitTaskContinuation:InvokeAction (object)
System.Threading.Tasks.AwaitTaskContinuation:RunCallback (System.Threading.ContextCallback,object,System.Threading.Tasks.Task&)
System.Threading.Tasks.SynchronizationContextAwaitTaskContinuation:Run (System.Threading.Tasks.Task,bool)
System.Threading.Tasks.Task:FinishContinuations ()
System.Threading.Tasks.Task:FinishStageThree ()
System.Threading.Tasks.Task`1<bool>:TrySetResult (bool)
System.Threading.Tasks.TaskCompletionSource`1<bool>:TrySetResult (bool)
Unity.AI.Toolkit.EditorTask/<>c__DisplayClass22_0:<WaitForCondition>b__0 () (at ./Library/PackageCache/com.unity.ai.assistant@8d1e3e89e3a7/Modules/Unity.AI.Toolkit.Async/EditorTask.cs:420)
UnityEditor.EditorApplication:Internal_CallUpdateFunctions () (at /Users/bokken/build/output/unity/unity/Editor/Mono/EditorApplication.cs:403)

(Filename: ./Library/PackageCache/com.unity.ai.assistant@8d1e3e89e3a7/Modules/Unity.AI.Toolkit.Accounts/Services/States/ApiAccessibleState.cs Line: 46)

[Licensing::Client] Error: Code 404 while processing request (status: Found 0 entitlement groups and 0 free entitlements matching requested entitlement ids)
[Licensing::Client] Error: Code 404 while processing request (status: Found 0 entitlement groups and 0 free entitlements matching requested entitlement ids)
[Combo] hit 1: light_punch
UnityEngine.Debug:ExtractStackTraceNoAlloc (byte*,int,string)
UnityEngine.StackTraceUtility:ExtractStackTrace () (at /Users/bokken/build/output/unity/unity/Runtime/Export/Scripting/StackTrace.cs:35)
UnityEngine.DebugLogHandler:Internal_Log (UnityEngine.LogType,UnityEngine.LogOption,string,UnityEngine.Object)
UnityEngine.DebugLogHandler:LogFormat (UnityEngine.LogType,UnityEngine.Object,string,object[])
UnityEngine.Logger:Log (UnityEngine.LogType,object)
UnityEngine.Debug:Log (object)
RiftArena.Character.States.AttackState:Enter () (at Assets/_Project/Scripts/Character/StateMachine/States/AttackState.cs:52)
RiftArena.Character.FSM.StateMachine:ChangeState (RiftArena.Character.FSM.IState) (at Assets/_Project/Scripts/Character/StateMachine/StateMachine.cs:18)
RiftArena.Character.States.IdleState:Tick () (at Assets/_Project/Scripts/Character/StateMachine/States/IdleState.cs:29)
RiftArena.Character.FSM.StateMachine:Tick () (at Assets/_Project/Scripts/Character/StateMachine/StateMachine.cs:23)
RiftArena.Character.Fighter:FixedUpdate () (at Assets/_Project/Scripts/Character/Fighter.cs:203)

(Filename: Assets/_Project/Scripts/Character/StateMachine/States/AttackState.cs Line: 52)

[Combo] hit 2: light_punch
UnityEngine.Debug:ExtractStackTraceNoAlloc (byte*,int,string)
UnityEngine.StackTraceUtility:ExtractStackTrace () (at /Users/bokken/build/output/unity/unity/Runtime/Export/Scripting/StackTrace.cs:35)
UnityEngine.DebugLogHandler:Internal_Log (UnityEngine.LogType,UnityEngine.LogOption,string,UnityEngine.Object)
UnityEngine.DebugLogHandler:LogFormat (UnityEngine.LogType,UnityEngine.Object,string,object[])
UnityEngine.Logger:Log (UnityEngine.LogType,object)
UnityEngine.Debug:Log (object)
RiftArena.Character.States.AttackState:Enter () (at Assets/_Project/Scripts/Character/StateMachine/States/AttackState.cs:52)
RiftArena.Character.States.AttackState:Tick () (at Assets/_Project/Scripts/Character/StateMachine/States/AttackState.cs:105)
RiftArena.Character.FSM.StateMachine:Tick () (at Assets/_Project/Scripts/Character/StateMachine/StateMachine.cs:23)
RiftArena.Character.Fighter:FixedUpdate () (at Assets/_Project/Scripts/Character/Fighter.cs:203)

(Filename: Assets/_Project/Scripts/Character/StateMachine/States/AttackState.cs Line: 52)

[Combo] hit 3: light_punch
UnityEngine.Debug:ExtractStackTraceNoAlloc (byte*,int,string)
UnityEngine.StackTraceUtility:ExtractStackTrace () (at /Users/bokken/build/output/unity/unity/Runtime/Export/Scripting/StackTrace.cs:35)
UnityEngine.DebugLogHandler:Internal_Log (UnityEngine.LogType,UnityEngine.LogOption,string,UnityEngine.Object)
UnityEngine.DebugLogHandler:LogFormat (UnityEngine.LogType,UnityEngine.Object,string,object[])
UnityEngine.Logger:Log (UnityEngine.LogType,object)
UnityEngine.Debug:Log (object)
RiftArena.Character.States.AttackState:Enter () (at Assets/_Project/Scripts/Character/StateMachine/States/AttackState.cs:52)
RiftArena.Character.States.AttackState:Tick () (at Assets/_Project/Scripts/Character/StateMachine/States/AttackState.cs:105)
RiftArena.Character.FSM.StateMachine:Tick () (at Assets/_Project/Scripts/Character/StateMachine/StateMachine.cs:23)
RiftArena.Character.Fighter:FixedUpdate () (at Assets/_Project/Scripts/Character/Fighter.cs:203)

(Filename: Assets/_Project/Scripts/Character/StateMachine/States/AttackState.cs Line: 52)

[Combo] hit 4: light_punch
UnityEngine.Debug:ExtractStackTraceNoAlloc (byte*,int,string)
UnityEngine.StackTraceUtility:ExtractStackTrace () (at /Users/bokken/build/output/unity/unity/Runtime/Export/Scripting/StackTrace.cs:35)
UnityEngine.DebugLogHandler:Internal_Log (UnityEngine.LogType,UnityEngine.LogOption,string,UnityEngine.Object)
UnityEngine.DebugLogHandler:LogFormat (UnityEngine.LogType,UnityEngine.Object,string,object[])
UnityEngine.Logger:Log (UnityEngine.LogType,object)
UnityEngine.Debug:Log (object)
RiftArena.Character.States.AttackState:Enter () (at Assets/_Project/Scripts/Character/StateMachine/States/AttackState.cs:52)
RiftArena.Character.States.AttackState:Tick () (at Assets/_Project/Scripts/Character/StateMachine/States/AttackState.cs:105)
RiftArena.Character.FSM.StateMachine:Tick () (at Assets/_Project/Scripts/Character/StateMachine/StateMachine.cs:23)
RiftArena.Character.Fighter:FixedUpdate () (at Assets/_Project/Scripts/Character/Fighter.cs:203)

(Filename: Assets/_Project/Scripts/Character/StateMachine/States/AttackState.cs Line: 52)

[Combo] hit 5: light_punch
UnityEngine.Debug:ExtractStackTraceNoAlloc (byte*,int,string)
UnityEngine.StackTraceUtility:ExtractStackTrace () (at /Users/bokken/build/output/unity/unity/Runtime/Export/Scripting/StackTrace.cs:35)
UnityEngine.DebugLogHandler:Internal_Log (UnityEngine.LogType,UnityEngine.LogOption,string,UnityEngine.Object)
UnityEngine.DebugLogHandler:LogFormat (UnityEngine.LogType,UnityEngine.Object,string,object[])
UnityEngine.Logger:Log (UnityEngine.LogType,object)
UnityEngine.Debug:Log (object)
RiftArena.Character.States.AttackState:Enter () (at Assets/_Project/Scripts/Character/StateMachine/States/AttackState.cs:52)
RiftArena.Character.States.AttackState:Tick () (at Assets/_Project/Scripts/Character/StateMachine/States/AttackState.cs:105)
RiftArena.Character.FSM.StateMachine:Tick () (at Assets/_Project/Scripts/Character/StateMachine/StateMachine.cs:23)
RiftArena.Character.Fighter:FixedUpdate () (at Assets/_Project/Scripts/Character/Fighter.cs:203)

(Filename: Assets/_Project/Scripts/Character/StateMachine/States/AttackState.cs Line: 52)

[Combo] hit 6: light_punch
UnityEngine.Debug:ExtractStackTraceNoAlloc (byte*,int,string)
UnityEngine.StackTraceUtility:ExtractStackTrace () (at /Users/bokken/build/output/unity/unity/Runtime/Export/Scripting/StackTrace.cs:35)
UnityEngine.DebugLogHandler:Internal_Log (UnityEngine.LogType,UnityEngine.LogOption,string,UnityEngine.Object)
UnityEngine.DebugLogHandler:LogFormat (UnityEngine.LogType,UnityEngine.Object,string,object[])
UnityEngine.Logger:Log (UnityEngine.LogType,object)
UnityEngine.Debug:Log (object)
RiftArena.Character.States.AttackState:Enter () (at Assets/_Project/Scripts/Character/StateMachine/States/AttackState.cs:52)
RiftArena.Character.States.AttackState:Tick () (at Assets/_Project/Scripts/Character/StateMachine/States/AttackState.cs:105)
RiftArena.Character.FSM.StateMachine:Tick () (at Assets/_Project/Scripts/Character/StateMachine/StateMachine.cs:23)
RiftArena.Character.Fighter:FixedUpdate () (at Assets/_Project/Scripts/Character/Fighter.cs:203)

(Filename: Assets/_Project/Scripts/Character/StateMachine/States/AttackState.cs Line: 52)

[Combo] hit 7: light_punch
UnityEngine.Debug:ExtractStackTraceNoAlloc (byte*,int,string)
UnityEngine.StackTraceUtility:ExtractStackTrace () (at /Users/bokken/build/output/unity/unity/Runtime/Export/Scripting/StackTrace.cs:35)
UnityEngine.DebugLogHandler:Internal_Log (UnityEngine.LogType,UnityEngine.LogOption,string,UnityEngine.Object)
UnityEngine.DebugLogHandler:LogFormat (UnityEngine.LogType,UnityEngine.Object,string,object[])
UnityEngine.Logger:Log (UnityEngine.LogType,object)
UnityEngine.Debug:Log (object)
RiftArena.Character.States.AttackState:Enter () (at Assets/_Project/Scripts/Character/StateMachine/States/AttackState.cs:52)
RiftArena.Character.States.AttackState:Tick () (at Assets/_Project/Scripts/Character/StateMachine/States/AttackState.cs:105)
RiftArena.Character.FSM.StateMachine:Tick () (at Assets/_Project/Scripts/Character/StateMachine/StateMachine.cs:23)
RiftArena.Character.Fighter:FixedUpdate () (at Assets/_Project/Scripts/Character/Fighter.cs:203)

(Filename: Assets/_Project/Scripts/Character/StateMachine/States/AttackState.cs Line: 52)

[Combo] hit 8: light_punch
UnityEngine.Debug:ExtractStackTraceNoAlloc (byte*,int,string)
UnityEngine.StackTraceUtility:ExtractStackTrace () (at /Users/bokken/build/output/unity/unity/Runtime/Export/Scripting/StackTrace.cs:35)
UnityEngine.DebugLogHandler:Internal_Log (UnityEngine.LogType,UnityEngine.LogOption,string,UnityEngine.Object)
UnityEngine.DebugLogHandler:LogFormat (UnityEngine.LogType,UnityEngine.Object,string,object[])
UnityEngine.Logger:Log (UnityEngine.LogType,object)
UnityEngine.Debug:Log (object)
RiftArena.Character.States.AttackState:Enter () (at Assets/_Project/Scripts/Character/StateMachine/States/AttackState.cs:52)
RiftArena.Character.States.AttackState:Tick () (at Assets/_Project/Scripts/Character/StateMachine/States/AttackState.cs:105)
RiftArena.Character.FSM.StateMachine:Tick () (at Assets/_Project/Scripts/Character/StateMachine/StateMachine.cs:23)
RiftArena.Character.Fighter:FixedUpdate () (at Assets/_Project/Scripts/Character/Fighter.cs:203)

(Filename: Assets/_Project/Scripts/Character/StateMachine/States/AttackState.cs Line: 52)

[Combo] hit 1: light_punch
UnityEngine.Debug:ExtractStackTraceNoAlloc (byte*,int,string)
UnityEngine.StackTraceUtility:ExtractStackTrace () (at /Users/bokken/build/output/unity/unity/Runtime/Export/Scripting/StackTrace.cs:35)
UnityEngine.DebugLogHandler:Internal_Log (UnityEngine.LogType,UnityEngine.LogOption,string,UnityEngine.Object)
UnityEngine.DebugLogHandler:LogFormat (UnityEngine.LogType,UnityEngine.Object,string,object[])
UnityEngine.Logger:Log (UnityEngine.LogType,object)
UnityEngine.Debug:Log (object)
RiftArena.Character.States.AttackState:Enter () (at Assets/_Project/Scripts/Character/StateMachine/States/AttackState.cs:52)
RiftArena.Character.FSM.StateMachine:ChangeState (RiftArena.Character.FSM.IState) (at Assets/_Project/Scripts/Character/StateMachine/StateMachine.cs:18)
RiftArena.Character.States.IdleState:Tick () (at Assets/_Project/Scripts/Character/StateMachine/States/IdleState.cs:29)
RiftArena.Character.FSM.StateMachine:Tick () (at Assets/_Project/Scripts/Character/StateMachine/StateMachine.cs:23)
RiftArena.Character.Fighter:FixedUpdate () (at Assets/_Project/Scripts/Character/Fighter.cs:203)

(Filename: Assets/_Project/Scripts/Character/StateMachine/States/AttackState.cs Line: 52)

[Combo] hit 2: light_punch
UnityEngine.Debug:ExtractStackTraceNoAlloc (byte*,int,string)
UnityEngine.StackTraceUtility:ExtractStackTrace () (at /Users/bokken/build/output/unity/unity/Runtime/Export/Scripting/StackTrace.cs:35)
UnityEngine.DebugLogHandler:Internal_Log (UnityEngine.LogType,UnityEngine.LogOption,string,UnityEngine.Object)
UnityEngine.DebugLogHandler:LogFormat (UnityEngine.LogType,UnityEngine.Object,string,object[])
UnityEngine.Logger:Log (UnityEngine.LogType,object)
UnityEngine.Debug:Log (object)
RiftArena.Character.States.AttackState:Enter () (at Assets/_Project/Scripts/Character/StateMachine/States/AttackState.cs:52)
RiftArena.Character.States.AttackState:Tick () (at Assets/_Project/Scripts/Character/StateMachine/States/AttackState.cs:105)
RiftArena.Character.FSM.StateMachine:Tick () (at Assets/_Project/Scripts/Character/StateMachine/StateMachine.cs:23)
RiftArena.Character.Fighter:FixedUpdate () (at Assets/_Project/Scripts/Character/Fighter.cs:203)

(Filename: Assets/_Project/Scripts/Character/StateMachine/States/AttackState.cs Line: 52)

[Combo] hit 3: light_punch
UnityEngine.Debug:ExtractStackTraceNoAlloc (byte*,int,string)
UnityEngine.StackTraceUtility:ExtractStackTrace () (at /Users/bokken/build/output/unity/unity/Runtime/Export/Scripting/StackTrace.cs:35)
UnityEngine.DebugLogHandler:Internal_Log (UnityEngine.LogType,UnityEngine.LogOption,string,UnityEngine.Object)
UnityEngine.DebugLogHandler:LogFormat (UnityEngine.LogType,UnityEngine.Object,string,object[])
UnityEngine.Logger:Log (UnityEngine.LogType,object)
UnityEngine.Debug:Log (object)
RiftArena.Character.States.AttackState:Enter () (at Assets/_Project/Scripts/Character/StateMachine/States/AttackState.cs:52)
RiftArena.Character.States.AttackState:Tick () (at Assets/_Project/Scripts/Character/StateMachine/States/AttackState.cs:105)
RiftArena.Character.FSM.StateMachine:Tick () (at Assets/_Project/Scripts/Character/StateMachine/StateMachine.cs:23)
RiftArena.Character.Fighter:FixedUpdate () (at Assets/_Project/Scripts/Character/Fighter.cs:203)

(Filename: Assets/_Project/Scripts/Character/StateMachine/States/AttackState.cs Line: 52)

[Combo] hit 4: light_punch
UnityEngine.Debug:ExtractStackTraceNoAlloc (byte*,int,string)
UnityEngine.StackTraceUtility:ExtractStackTrace () (at /Users/bokken/build/output/unity/unity/Runtime/Export/Scripting/StackTrace.cs:35)
UnityEngine.DebugLogHandler:Internal_Log (UnityEngine.LogType,UnityEngine.LogOption,string,UnityEngine.Object)
UnityEngine.DebugLogHandler:LogFormat (UnityEngine.LogType,UnityEngine.Object,string,object[])
UnityEngine.Logger:Log (UnityEngine.LogType,object)
UnityEngine.Debug:Log (object)
RiftArena.Character.States.AttackState:Enter () (at Assets/_Project/Scripts/Character/StateMachine/States/AttackState.cs:52)
RiftArena.Character.States.AttackState:Tick () (at Assets/_Project/Scripts/Character/StateMachine/States/AttackState.cs:105)
RiftArena.Character.FSM.StateMachine:Tick () (at Assets/_Project/Scripts/Character/StateMachine/StateMachine.cs:23)
RiftArena.Character.Fighter:FixedUpdate () (at Assets/_Project/Scripts/Character/Fighter.cs:203)

(Filename: Assets/_Project/Scripts/Character/StateMachine/States/AttackState.cs Line: 52)

[Combo] hit 5: light_punch
UnityEngine.Debug:ExtractStackTraceNoAlloc (byte*,int,string)
UnityEngine.StackTraceUtility:ExtractStackTrace () (at /Users/bokken/build/output/unity/unity/Runtime/Export/Scripting/StackTrace.cs:35)
UnityEngine.DebugLogHandler:Internal_Log (UnityEngine.LogType,UnityEngine.LogOption,string,UnityEngine.Object)
UnityEngine.DebugLogHandler:LogFormat (UnityEngine.LogType,UnityEngine.Object,string,object[])
UnityEngine.Logger:Log (UnityEngine.LogType,object)
UnityEngine.Debug:Log (object)
RiftArena.Character.States.AttackState:Enter () (at Assets/_Project/Scripts/Character/StateMachine/States/AttackState.cs:52)
RiftArena.Character.States.AttackState:Tick () (at Assets/_Project/Scripts/Character/StateMachine/States/AttackState.cs:105)
RiftArena.Character.FSM.StateMachine:Tick () (at Assets/_Project/Scripts/Character/StateMachine/StateMachine.cs:23)
RiftArena.Character.Fighter:FixedUpdate () (at Assets/_Project/Scripts/Character/Fighter.cs:203)

(Filename: Assets/_Project/Scripts/Character/StateMachine/States/AttackState.cs Line: 52)

[Combo] hit 6: light_punch
UnityEngine.Debug:ExtractStackTraceNoAlloc (byte*,int,string)
UnityEngine.StackTraceUtility:ExtractStackTrace () (at /Users/bokken/build/output/unity/unity/Runtime/Export/Scripting/StackTrace.cs:35)
UnityEngine.DebugLogHandler:Internal_Log (UnityEngine.LogType,UnityEngine.LogOption,string,UnityEngine.Object)
UnityEngine.DebugLogHandler:LogFormat (UnityEngine.LogType,UnityEngine.Object,string,object[])
UnityEngine.Logger:Log (UnityEngine.LogType,object)
UnityEngine.Debug:Log (object)
RiftArena.Character.States.AttackState:Enter () (at Assets/_Project/Scripts/Character/StateMachine/States/AttackState.cs:52)
RiftArena.Character.States.AttackState:Tick () (at Assets/_Project/Scripts/Character/StateMachine/States/AttackState.cs:105)
RiftArena.Character.FSM.StateMachine:Tick () (at Assets/_Project/Scripts/Character/StateMachine/StateMachine.cs:23)
RiftArena.Character.Fighter:FixedUpdate () (at Assets/_Project/Scripts/Character/Fighter.cs:203)

(Filename: Assets/_Project/Scripts/Character/StateMachine/States/AttackState.cs Line: 52)

[Combo] hit 7: light_punch
UnityEngine.Debug:ExtractStackTraceNoAlloc (byte*,int,string)
UnityEngine.StackTraceUtility:ExtractStackTrace () (at /Users/bokken/build/output/unity/unity/Runtime/Export/Scripting/StackTrace.cs:35)
UnityEngine.DebugLogHandler:Internal_Log (UnityEngine.LogType,UnityEngine.LogOption,string,UnityEngine.Object)
UnityEngine.DebugLogHandler:LogFormat (UnityEngine.LogType,UnityEngine.Object,string,object[])
UnityEngine.Logger:Log (UnityEngine.LogType,object)
UnityEngine.Debug:Log (object)
RiftArena.Character.States.AttackState:Enter () (at Assets/_Project/Scripts/Character/StateMachine/States/AttackState.cs:52)
RiftArena.Character.States.AttackState:Tick () (at Assets/_Project/Scripts/Character/StateMachine/States/AttackState.cs:105)
RiftArena.Character.FSM.StateMachine:Tick () (at Assets/_Project/Scripts/Character/StateMachine/StateMachine.cs:23)
RiftArena.Character.Fighter:FixedUpdate () (at Assets/_Project/Scripts/Character/Fighter.cs:203)

(Filename: Assets/_Project/Scripts/Character/StateMachine/States/AttackState.cs Line: 52)

[Combo] hit 8: light_punch
UnityEngine.Debug:ExtractStackTraceNoAlloc (byte*,int,string)
UnityEngine.StackTraceUtility:ExtractStackTrace () (at /Users/bokken/build/output/unity/unity/Runtime/Export/Scripting/StackTrace.cs:35)
UnityEngine.DebugLogHandler:Internal_Log (UnityEngine.LogType,UnityEngine.LogOption,string,UnityEngine.Object)
UnityEngine.DebugLogHandler:LogFormat (UnityEngine.LogType,UnityEngine.Object,string,object[])
UnityEngine.Logger:Log (UnityEngine.LogType,object)
UnityEngine.Debug:Log (object)
RiftArena.Character.States.AttackState:Enter () (at Assets/_Project/Scripts/Character/StateMachine/States/AttackState.cs:52)
RiftArena.Character.States.AttackState:Tick () (at Assets/_Project/Scripts/Character/StateMachine/States/AttackState.cs:105)
RiftArena.Character.FSM.StateMachine:Tick () (at Assets/_Project/Scripts/Character/StateMachine/StateMachine.cs:23)
RiftArena.Character.Fighter:FixedUpdate () (at Assets/_Project/Scripts/Character/Fighter.cs:203)

(Filename: Assets/_Project/Scripts/Character/StateMachine/States/AttackState.cs Line: 52)

[Combo] hit 9: light_punch
UnityEngine.Debug:ExtractStackTraceNoAlloc (byte*,int,string)
UnityEngine.StackTraceUtility:ExtractStackTrace () (at /Users/bokken/build/output/unity/unity/Runtime/Export/Scripting/StackTrace.cs:35)
UnityEngine.DebugLogHandler:Internal_Log (UnityEngine.LogType,UnityEngine.LogOption,string,UnityEngine.Object)
UnityEngine.DebugLogHandler:LogFormat (UnityEngine.LogType,UnityEngine.Object,string,object[])
UnityEngine.Logger:Log (UnityEngine.LogType,object)
UnityEngine.Debug:Log (object)
RiftArena.Character.States.AttackState:Enter () (at Assets/_Project/Scripts/Character/StateMachine/States/AttackState.cs:52)
RiftArena.Character.States.AttackState:Tick () (at Assets/_Project/Scripts/Character/StateMachine/States/AttackState.cs:105)
RiftArena.Character.FSM.StateMachine:Tick () (at Assets/_Project/Scripts/Character/StateMachine/StateMachine.cs:23)
RiftArena.Character.Fighter:FixedUpdate () (at Assets/_Project/Scripts/Character/Fighter.cs:203)

(Filename: Assets/_Project/Scripts/Character/StateMachine/States/AttackState.cs Line: 52)

[Combo] hit 10: light_punch
UnityEngine.Debug:ExtractStackTraceNoAlloc (byte*,int,string)
UnityEngine.StackTraceUtility:ExtractStackTrace () (at /Users/bokken/build/output/unity/unity/Runtime/Export/Scripting/StackTrace.cs:35)
UnityEngine.DebugLogHandler:Internal_Log (UnityEngine.LogType,UnityEngine.LogOption,string,UnityEngine.Object)
UnityEngine.DebugLogHandler:LogFormat (UnityEngine.LogType,UnityEngine.Object,string,object[])
UnityEngine.Logger:Log (UnityEngine.LogType,object)
UnityEngine.Debug:Log (object)
RiftArena.Character.States.AttackState:Enter () (at Assets/_Project/Scripts/Character/StateMachine/States/AttackState.cs:52)
RiftArena.Character.States.AttackState:Tick () (at Assets/_Project/Scripts/Character/StateMachine/States/AttackState.cs:105)
RiftArena.Character.FSM.StateMachine:Tick () (at Assets/_Project/Scripts/Character/StateMachine/StateMachine.cs:23)
RiftArena.Character.Fighter:FixedUpdate () (at Assets/_Project/Scripts/Character/Fighter.cs:203)

(Filename: Assets/_Project/Scripts/Character/StateMachine/States/AttackState.cs Line: 52)

[Combo] hit 11: light_punch
UnityEngine.Debug:ExtractStackTraceNoAlloc (byte*,int,string)
UnityEngine.StackTraceUtility:ExtractStackTrace () (at /Users/bokken/build/output/unity/unity/Runtime/Export/Scripting/StackTrace.cs:35)
UnityEngine.DebugLogHandler:Internal_Log (UnityEngine.LogType,UnityEngine.LogOption,string,UnityEngine.Object)
UnityEngine.DebugLogHandler:LogFormat (UnityEngine.LogType,UnityEngine.Object,string,object[])
UnityEngine.Logger:Log (UnityEngine.LogType,object)
UnityEngine.Debug:Log (object)
RiftArena.Character.States.AttackState:Enter () (at Assets/_Project/Scripts/Character/StateMachine/States/AttackState.cs:52)
RiftArena.Character.States.AttackState:Tick () (at Assets/_Project/Scripts/Character/StateMachine/States/AttackState.cs:105)
RiftArena.Character.FSM.StateMachine:Tick () (at Assets/_Project/Scripts/Character/StateMachine/StateMachine.cs:23)
RiftArena.Character.Fighter:FixedUpdate () (at Assets/_Project/Scripts/Character/Fighter.cs:203)

(Filename: Assets/_Project/Scripts/Character/StateMachine/States/AttackState.cs Line: 52)

[Combo] hit 12: light_punch
UnityEngine.Debug:ExtractStackTraceNoAlloc (byte*,int,string)
UnityEngine.StackTraceUtility:ExtractStackTrace () (at /Users/bokken/build/output/unity/unity/Runtime/Export/Scripting/StackTrace.cs:35)
UnityEngine.DebugLogHandler:Internal_Log (UnityEngine.LogType,UnityEngine.LogOption,string,UnityEngine.Object)
UnityEngine.DebugLogHandler:LogFormat (UnityEngine.LogType,UnityEngine.Object,string,object[])
UnityEngine.Logger:Log (UnityEngine.LogType,object)
UnityEngine.Debug:Log (object)
RiftArena.Character.States.AttackState:Enter () (at Assets/_Project/Scripts/Character/StateMachine/States/AttackState.cs:52)
RiftArena.Character.States.AttackState:Tick () (at Assets/_Project/Scripts/Character/StateMachine/States/AttackState.cs:105)
RiftArena.Character.FSM.StateMachine:Tick () (at Assets/_Project/Scripts/Character/StateMachine/StateMachine.cs:23)
RiftArena.Character.Fighter:FixedUpdate () (at Assets/_Project/Scripts/Character/Fighter.cs:203)

(Filename: Assets/_Project/Scripts/Character/StateMachine/States/AttackState.cs Line: 52)

[Combo] hit 13: light_punch
UnityEngine.Debug:ExtractStackTraceNoAlloc (byte*,int,string)
UnityEngine.StackTraceUtility:ExtractStackTrace () (at /Users/bokken/build/output/unity/unity/Runtime/Export/Scripting/StackTrace.cs:35)
UnityEngine.DebugLogHandler:Internal_Log (UnityEngine.LogType,UnityEngine.LogOption,string,UnityEngine.Object)
UnityEngine.DebugLogHandler:LogFormat (UnityEngine.LogType,UnityEngine.Object,string,object[])
UnityEngine.Logger:Log (UnityEngine.LogType,object)
UnityEngine.Debug:Log (object)
RiftArena.Character.States.AttackState:Enter () (at Assets/_Project/Scripts/Character/StateMachine/States/AttackState.cs:52)
RiftArena.Character.States.AttackState:Tick () (at Assets/_Project/Scripts/Character/StateMachine/States/AttackState.cs:105)
RiftArena.Character.FSM.StateMachine:Tick () (at Assets/_Project/Scripts/Character/StateMachine/StateMachine.cs:23)
RiftArena.Character.Fighter:FixedUpdate () (at Assets/_Project/Scripts/Character/Fighter.cs:203)

(Filename: Assets/_Project/Scripts/Character/StateMachine/States/AttackState.cs Line: 52)

[Combo] hit 14: light_punch
UnityEngine.Debug:ExtractStackTraceNoAlloc (byte*,int,string)
UnityEngine.StackTraceUtility:ExtractStackTrace () (at /Users/bokken/build/output/unity/unity/Runtime/Export/Scripting/StackTrace.cs:35)
UnityEngine.DebugLogHandler:Internal_Log (UnityEngine.LogType,UnityEngine.LogOption,string,UnityEngine.Object)
UnityEngine.DebugLogHandler:LogFormat (UnityEngine.LogType,UnityEngine.Object,string,object[])
UnityEngine.Logger:Log (UnityEngine.LogType,object)
UnityEngine.Debug:Log (object)
RiftArena.Character.States.AttackState:Enter () (at Assets/_Project/Scripts/Character/StateMachine/States/AttackState.cs:52)
RiftArena.Character.States.AttackState:Tick () (at Assets/_Project/Scripts/Character/StateMachine/States/AttackState.cs:105)
RiftArena.Character.FSM.StateMachine:Tick () (at Assets/_Project/Scripts/Character/StateMachine/StateMachine.cs:23)
RiftArena.Character.Fighter:FixedUpdate () (at Assets/_Project/Scripts/Character/Fighter.cs:203)

(Filename: Assets/_Project/Scripts/Character/StateMachine/States/AttackState.cs Line: 52)

[Combo] hit 15: light_punch
UnityEngine.Debug:ExtractStackTraceNoAlloc (byte*,int,string)
UnityEngine.StackTraceUtility:ExtractStackTrace () (at /Users/bokken/build/output/unity/unity/Runtime/Export/Scripting/StackTrace.cs:35)
UnityEngine.DebugLogHandler:Internal_Log (UnityEngine.LogType,UnityEngine.LogOption,string,UnityEngine.Object)
UnityEngine.DebugLogHandler:LogFormat (UnityEngine.LogType,UnityEngine.Object,string,object[])
UnityEngine.Logger:Log (UnityEngine.LogType,object)
UnityEngine.Debug:Log (object)
RiftArena.Character.States.AttackState:Enter () (at Assets/_Project/Scripts/Character/StateMachine/States/AttackState.cs:52)
RiftArena.Character.States.AttackState:Tick () (at Assets/_Project/Scripts/Character/StateMachine/States/AttackState.cs:105)
RiftArena.Character.FSM.StateMachine:Tick () (at Assets/_Project/Scripts/Character/StateMachine/StateMachine.cs:23)
RiftArena.Character.Fighter:FixedUpdate () (at Assets/_Project/Scripts/Character/Fighter.cs:203)

(Filename: Assets/_Project/Scripts/Character/StateMachine/States/AttackState.cs Line: 52)

Unloading 3 Unused Serialized files (Serialized files now loaded: 0)
UnloadTime: 4.750208 ms
Loaded scene 'Assets/_Project/Scenes/MainMenu.unity'
	Deserialize:            5.002 ms
	Integration:            279.687 ms
	Integration of assets:  0.044 ms
	Thread Wait Time:       1.500 ms
	Total Operation Time:   286.233 ms
Unloading 6994 unused Assets / (61.7 MB). Loaded Objects now: 9950.
Memory consumption went from 448.1 MB to 386.4 MB.
Total: 69.762333 ms (FindLiveObjects: 16.117750 ms CreateObjectMapping: 2.866667 ms MarkObjects: 37.961084 ms  DeleteObjects: 12.816416 ms)

Thread 0x17ff4b000 may have been prematurely finalized
Unloading 8 Unused Serialized files (Serialized files now loaded: 0)
Loaded scene 'Temp/__Backupscenes/0.backup'
	Deserialize:            7.444 ms
	Integration:            154.204 ms
	Integration of assets:  1.131 ms
	Thread Wait Time:       0.003 ms
	Total Operation Time:   162.783 ms
Unloading 11 unused Assets / (394.0 KB). Loaded Objects now: 10600.
Memory consumption went from 388.8 MB to 388.4 MB.
Total: 27.026167 ms (FindLiveObjects: 0.421875 ms CreateObjectMapping: 1.292791 ms MarkObjects: 25.266459 ms  DeleteObjects: 0.044750 ms)

[Licensing::Client] Successfully resolved entitlement details
MaterialLocation.External is obsolete. External Material Location is no longer supported. (Assets/_Project/Arts/Environment/BoxingRing/source/boxing.fbx)
Thread 0x17fec7000 may have been prematurely finalized
Reloading assemblies for play mode.
Reloading assemblies after forced synchronous recompile.
Begin MonoManager ReloadAssembly
2026-09-28 23:17:01.571 Unity[41068:10299447] NSEventModifierFlagFunction specified to -setKeyEquivalentModifierMask: for item <NSMenuItem: 0xb4a933840 SDF, ke='Command-F12'>, but is only supported for system-provided menu items; will not be used
2026-09-28 23:17:01.574 Unity[41068:10299447] NSEventModifierFlagFunction specified to -setKeyEquivalentModifierMask: for item <NSMenuItem: 0xb4a94d900 SDF, ke='Command-F12'>, but is only supported for system-provided menu items; will not be used
2026-09-28 23:17:01.578 Unity[41068:10299447] NSEventModifierFlagFunction specified to -setKeyEquivalentModifierMask: for item <NSMenuItem: 0xb4a958460 SDF, ke='Command-F12'>, but is only supported for system-provided menu items; will not be used
2026-09-28 23:17:01.582 Unity[41068:10299447] NSEventModifierFlagFunction specified to -setKeyEquivalentModifierMask: for item <NSMenuItem: 0xb4a94d860 SDF, ke='Command-F12'>, but is only supported for system-provided menu items; will not be used
[INFO ] [relay] log Domain reload signal received from client editor-41068-bes3bp
[INFO ] [relay] log Client disconnected - blocking and caching for recovery
[WARN ] [relay] connection.lost clientId=null
[WARN ] [relay] log Client disconnected - sessions will persist until auto-shutdown, reason: Client disconnected
[INFO ] [relay] log Auto-shutdown timer started due to client disconnection
Symbol file LoadedFromMemory is not a mono symbol file
Symbol file LoadedFromMemory is not a mono symbol file
Assembly reference Packages/com.unity.cinemachine/Editor/Samples/ExposeHDRPInternals/HDRP-Editor-ref.asmref has no target assembly definition
2026-09-28 23:17:02.268 Unity[41068:10299447] [Warning] TouchGestureResponder was not found in the responder chain during removal.
Refreshing native plugins compatible for Editor in 3.10 ms, found 1 plugins.
Native extension for iOS target not found
Native extension for WindowsStandalone target not found
Native extension for OSXStandalone target not found
[Licensing::Client] Error: Code 404 while processing request (status: Found 0 entitlement groups and 0 free entitlements matching requested entitlement ids)
ScheduleIndexationOnStartup MainProcess:True IndexOnStartup:True
[MODES] ModeService[none].Initialize
[MODES] ModeService[none].LoadModes
Mono: successfully reloaded assembly
- Finished resetting the current domain, in  1.360 seconds
Domain Reload Profiling: 2061ms
	BeginReloadAssembly (477ms)
		DisableScriptedObjects (33ms)
		CreateAndSetChildDomain (302ms)
	RebuildCommonClasses (6ms)
	RebuildNativeTypeToScriptingClass (11ms)
	initialDomainReloadingComplete (45ms)
	LoadAllAssembliesAndSetupDomain (162ms)
		LoadAssemblies (140ms)
		AnalyzeDomain (17ms)
			TypeCache.Refresh (9ms)
			ResolveRequiredComponents (5ms)
	FinalizeReload (1361ms)
		SetupLoadedEditorAssemblies (0ms)
			InitializePlatformSupportModulesInManaged (13ms)
			BeforeProcessingInitializeOnLoad (98ms)
			ProcessInitializeOnLoadAttributes (378ms)
			ProcessInitializeOnLoadMethodAttributes (196ms)
		AwakeInstancesAfterBackupRestoration (323ms)

Asset Pipeline Refresh (id=d4cc3ff3ce126497783a404a70443f07): Total: 2.406 seconds - Initiated by StopAssetImportingV2(ForceSynchronousImport | ForceDomainReload)
	(Values over 0.05ms)
	Summary:
		Imports: total=0 (actual=0, local cache=0, cache server=0)
		Asset DB Process Time: managed=0 ms, native=1569 ms
		Asset DB Callback time: managed=17 ms, native=0 ms
		Scripting: domain reloads=1, domain reload time=817 ms, compile time=1 ms, other=0 ms
		Project Asset Count: scripts=1805, non-scripts=5192
		Asset File Changes: new=0, changed=0, moved=0, deleted=0
		Scan Filter Count: 0
	InvokePackagesCallback: 1.181ms
	ApplyChangesToAssetFolders: 0.255ms
	Collect global state as custom dependencies: 1.508ms
	ProcessAssetsWithTransientArtifactChanges: 0.392ms
	CategorizeAssets: 72.743ms
	CompileScripts: 1.055ms
	ImportOutOfDateAssets: 1424.570ms (1376.253ms without children)
		CollectScriptTypesHashes: 0.624ms
		ReloadNativeAssets: 0.842ms
		UnloadImportedAssets: 0.187ms
		EnsureUptoDateAssetsAreRegisteredWithGuidPM: 0.982ms
		ImportSchedulerStart: 46.274ms
	PostProcessAllAssets: 17.461ms
		MonoPostProcessAllAssets: 17.457ms
			ShaderGraphAssetPostProcessor.OnPostprocessAllAssets 162.850ms
			AssetPostprocessor.OnPostprocessAllAssets 83.442ms
			PostProcessor.OnPostprocessAllAssets 44.508ms
			MaterialPostprocessor.OnPostprocessAllAssets 30.838ms
			InputActionJsonNameModifierAssetProcessor.OnPostprocessAllAssets 30.463ms
			AssetReferenceReimportMonitor.OnPostprocessAllAssets 25.056ms
			TextAssetPostProcessor.OnPostprocessAllAssets 18.253ms
			SpriteSlicePostprocessor.OnPostprocessAllAssets 17.113ms
			AssetChangedListener.OnPostprocessAllAssets 11.181ms
			UniversalRenderPipelineGlobalSettingsPostprocessor.OnPostprocessAllAssets 5.502ms
			BuilderAssetPostprocessor.OnPostprocessAllAssets 4.555ms
			RetainedModeAssetPostprocessor.OnPostprocessAllAssets 1.099ms
			GraphRefreshPostprocessor.OnPostprocessAllAssets 1.048ms
			WindowAssetPostprocessingWatcher.OnPostprocessAllAssets 0.907ms
			SpeedTree9Postprocessor.OnPostprocessAllAssets 0.904ms
			AssetChangeDetector.OnPostprocessAllAssets 0.604ms
			SyncVS.PostprocessSyncProject 0.546ms
			SpriteEditorTexturePostprocessor.OnPostprocessAllAssets 0.519ms
			SkillsProjectAssetPostprocessor.OnPostprocessAllAssets 0.519ms
			StyleCatalogPostProcessor.OnPostprocessAllAssets 0.385ms
			RenderPipelineGlobalSettingsPostprocessor.OnPostprocessAllAssets 0.349ms
			SpeedTreePostProcessor.OnPostprocessAllAssets 0.295ms
			ArtifactBrowserPostProcessor.OnPostprocessAllAssets 0.290ms
			ModelAssetProcessor.OnPostprocessAllAssets 0.210ms
			ShaderReflectionAssetPostProcessor.OnPostprocessAllAssets 0.187ms
			AudioMixerPostprocessor.OnPostprocessAllAssets 0.178ms
			TMPro_TexturePostProcessor.OnPostprocessAllAssets 0.157ms
			EditModeScopePostprocessor.OnPostprocessAllAssets 0.151ms
			ReferencedClipsPostProcessor.OnPostprocessAllAssets 0.150ms
			CinemachineSettings.OnPostprocessAllAssets 0.149ms
			SampleDependencyImporterPostProcessor.OnPostprocessAllAssets 0.145ms
			InputActionAssetPostprocessor.OnPostprocessAllAssets 0.137ms
			AssetEvents.OnPostprocessAllAssets 0.113ms
			DomainReloadProcessor.OnPostprocessAllAssets 0.112ms
			TerrainToolbarOverlayPostProcessor.OnPostprocessAllAssets 0.083ms
			ProjectSettingsPostprocessor.OnPostprocessAllAssets 0.076ms
			SamplePostprocessor.OnPostprocessAllAssets 0.075ms
			PipelineAssetProcessor.OnPostprocessAllAssets 0.071ms
			AssetDatabaseCallbacks.OnPostprocessAllAssets 0.068ms
			ConfigAssetsTracker.OnPostprocessAllAssets 0.059ms
			ScenarioDriftAssetsTracker.OnPostprocessAllAssets 0.055ms
	GatherAllCurrentPrimaryImportResultRevisions: 0.831ms
	UnloadStreamsBegin: 0.109ms
	PersistCurrentRevisions: 0.173ms
	GenerateScriptTypeHashes: 2.764ms
	GenerateScriptTypeSerializationHashes: 4.766ms
	Untracked: 883.383ms

Loaded scene 'Temp/__Backupscenes/0.backup'
	Deserialize:            5.574 ms
	Integration:            594.732 ms
	Integration of assets:  0.035 ms
	Thread Wait Time:       0.003 ms
	Total Operation Time:   600.343 ms
2026-09-28 23:17:04.972 Unity[41068:10299447] [Warning] TouchGestureResponder was not found in the responder chain during removal.
2026-09-28 23:17:04.974 Unity[41068:10299447] [Warning] TouchGestureResponder was not found in the responder chain during removal.
[Licensing::Client] Successfully resolved entitlement details
[Licensing::Client] Successfully resolved entitlement details
[INFO ] [relay] log Unity client connected with ID: editor-41068-vj4ik0 (relay 1.0.12-build.99)
[INFO ] [relay] connection.established clientId=editor-41068-vj4ik0 port=9001
[Licensing::Client] Successfully resolved entitlement details
Unloading 4 Unused Serialized files (Serialized files now loaded: 0)
UnloadTime: 3.244000 ms
Loaded scene 'Assets/_Project/Scenes/MainMenu.unity'
	Deserialize:            4.415 ms
	Integration:            225.088 ms
	Integration of assets:  0.042 ms
	Thread Wait Time:       1.445 ms
	Total Operation Time:   230.990 ms
Unloading 401 unused Assets / (33.9 MB). Loaded Objects now: 9955.
Memory consumption went from 408.3 MB to 374.5 MB.
Total: 36.092000 ms (FindLiveObjects: 3.047458 ms CreateObjectMapping: 1.285459 ms MarkObjects: 29.853166 ms  DeleteObjects: 1.905584 ms)

Unloading 19 Unused Serialized files (Serialized files now loaded: 0)
UnloadTime: 2.973375 ms
Loaded scene 'Temp/__Backupscenes/0.backup'
	Deserialize:            17.555 ms
	Integration:            626.994 ms
	Integration of assets:  0.464 ms
	Thread Wait Time:       1.889 ms
	Total Operation Time:   646.902 ms
Unloading 313 unused Assets / (123.3 KB). Loaded Objects now: 10389.
Memory consumption went from 408.4 MB to 408.3 MB.
Total: 23.174917 ms (FindLiveObjects: 0.399917 ms CreateObjectMapping: 1.081125 ms MarkObjects: 21.513209 ms  DeleteObjects: 0.180459 ms)

2026-09-28 23:17:17.410 Unity[41068:10299447] NSEventModifierFlagFunction specified to -setKeyEquivalentModifierMask: for item <NSMenuItem: 0xb4a940820 SDF, ke='Command-F12'>, but is only supported for system-provided menu items; will not be used
[Combo] hit 1: light_punch
UnityEngine.Debug:ExtractStackTraceNoAlloc (byte*,int,string)
UnityEngine.StackTraceUtility:ExtractStackTrace () (at /Users/bokken/build/output/unity/unity/Runtime/Export/Scripting/StackTrace.cs:35)
UnityEngine.DebugLogHandler:Internal_Log (UnityEngine.LogType,UnityEngine.LogOption,string,UnityEngine.Object)
UnityEngine.DebugLogHandler:LogFormat (UnityEngine.LogType,UnityEngine.Object,string,object[])
UnityEngine.Logger:Log (UnityEngine.LogType,object)
UnityEngine.Debug:Log (object)
RiftArena.Character.States.AttackState:Enter () (at Assets/_Project/Scripts/Character/StateMachine/States/AttackState.cs:52)
RiftArena.Character.FSM.StateMachine:ChangeState (RiftArena.Character.FSM.IState) (at Assets/_Project/Scripts/Character/StateMachine/StateMachine.cs:18)
RiftArena.Character.States.IdleState:Tick () (at Assets/_Project/Scripts/Character/StateMachine/States/IdleState.cs:29)
RiftArena.Character.FSM.StateMachine:Tick () (at Assets/_Project/Scripts/Character/StateMachine/StateMachine.cs:23)
RiftArena.Character.Fighter:FixedUpdate () (at Assets/_Project/Scripts/Character/Fighter.cs:203)

(Filename: Assets/_Project/Scripts/Character/StateMachine/States/AttackState.cs Line: 52)

[Combo] hit 2: light_punch
UnityEngine.Debug:ExtractStackTraceNoAlloc (byte*,int,string)
UnityEngine.StackTraceUtility:ExtractStackTrace () (at /Users/bokken/build/output/unity/unity/Runtime/Export/Scripting/StackTrace.cs:35)
UnityEngine.DebugLogHandler:Internal_Log (UnityEngine.LogType,UnityEngine.LogOption,string,UnityEngine.Object)
UnityEngine.DebugLogHandler:LogFormat (UnityEngine.LogType,UnityEngine.Object,string,object[])
UnityEngine.Logger:Log (UnityEngine.LogType,object)
UnityEngine.Debug:Log (object)
RiftArena.Character.States.AttackState:Enter () (at Assets/_Project/Scripts/Character/StateMachine/States/AttackState.cs:52)
RiftArena.Character.States.AttackState:Tick () (at Assets/_Project/Scripts/Character/StateMachine/States/AttackState.cs:105)
RiftArena.Character.FSM.StateMachine:Tick () (at Assets/_Project/Scripts/Character/StateMachine/StateMachine.cs:23)
RiftArena.Character.Fighter:FixedUpdate () (at Assets/_Project/Scripts/Character/Fighter.cs:203)

(Filename: Assets/_Project/Scripts/Character/StateMachine/States/AttackState.cs Line: 52)

[Combo] hit 3: light_punch
UnityEngine.Debug:ExtractStackTraceNoAlloc (byte*,int,string)
UnityEngine.StackTraceUtility:ExtractStackTrace () (at /Users/bokken/build/output/unity/unity/Runtime/Export/Scripting/StackTrace.cs:35)
UnityEngine.DebugLogHandler:Internal_Log (UnityEngine.LogType,UnityEngine.LogOption,string,UnityEngine.Object)
UnityEngine.DebugLogHandler:LogFormat (UnityEngine.LogType,UnityEngine.Object,string,object[])
UnityEngine.Logger:Log (UnityEngine.LogType,object)
UnityEngine.Debug:Log (object)
RiftArena.Character.States.AttackState:Enter () (at Assets/_Project/Scripts/Character/StateMachine/States/AttackState.cs:52)
RiftArena.Character.States.AttackState:Tick () (at Assets/_Project/Scripts/Character/StateMachine/States/AttackState.cs:105)
RiftArena.Character.FSM.StateMachine:Tick () (at Assets/_Project/Scripts/Character/StateMachine/StateMachine.cs:23)
RiftArena.Character.Fighter:FixedUpdate () (at Assets/_Project/Scripts/Character/Fighter.cs:203)

(Filename: Assets/_Project/Scripts/Character/StateMachine/States/AttackState.cs Line: 52)

[Combo] hit 1: light_punch
UnityEngine.Debug:ExtractStackTraceNoAlloc (byte*,int,string)
UnityEngine.StackTraceUtility:ExtractStackTrace () (at /Users/bokken/build/output/unity/unity/Runtime/Export/Scripting/StackTrace.cs:35)
UnityEngine.DebugLogHandler:Internal_Log (UnityEngine.LogType,UnityEngine.LogOption,string,UnityEngine.Object)
UnityEngine.DebugLogHandler:LogFormat (UnityEngine.LogType,UnityEngine.Object,string,object[])
UnityEngine.Logger:Log (UnityEngine.LogType,object)
UnityEngine.Debug:Log (object)
RiftArena.Character.States.AttackState:Enter () (at Assets/_Project/Scripts/Character/StateMachine/States/AttackState.cs:52)
RiftArena.Character.FSM.StateMachine:ChangeState (RiftArena.Character.FSM.IState) (at Assets/_Project/Scripts/Character/StateMachine/StateMachine.cs:18)
RiftArena.Character.States.IdleState:Tick () (at Assets/_Project/Scripts/Character/StateMachine/States/IdleState.cs:29)
RiftArena.Character.FSM.StateMachine:Tick () (at Assets/_Project/Scripts/Character/StateMachine/StateMachine.cs:23)
RiftArena.Character.Fighter:FixedUpdate () (at Assets/_Project/Scripts/Character/Fighter.cs:203)

(Filename: Assets/_Project/Scripts/Character/StateMachine/States/AttackState.cs Line: 52)

[Combo] hit 1: light_punch
UnityEngine.Debug:ExtractStackTraceNoAlloc (byte*,int,string)
UnityEngine.StackTraceUtility:ExtractStackTrace () (at /Users/bokken/build/output/unity/unity/Runtime/Export/Scripting/StackTrace.cs:35)
UnityEngine.DebugLogHandler:Internal_Log (UnityEngine.LogType,UnityEngine.LogOption,string,UnityEngine.Object)
UnityEngine.DebugLogHandler:LogFormat (UnityEngine.LogType,UnityEngine.Object,string,object[])
UnityEngine.Logger:Log (UnityEngine.LogType,object)
UnityEngine.Debug:Log (object)
RiftArena.Character.States.AttackState:Enter () (at Assets/_Project/Scripts/Character/StateMachine/States/AttackState.cs:52)
RiftArena.Character.FSM.StateMachine:ChangeState (RiftArena.Character.FSM.IState) (at Assets/_Project/Scripts/Character/StateMachine/StateMachine.cs:18)
RiftArena.Character.States.IdleState:Tick () (at Assets/_Project/Scripts/Character/StateMachine/States/IdleState.cs:29)
RiftArena.Character.FSM.StateMachine:Tick () (at Assets/_Project/Scripts/Character/StateMachine/StateMachine.cs:23)
RiftArena.Character.Fighter:FixedUpdate () (at Assets/_Project/Scripts/Character/Fighter.cs:203)

(Filename: Assets/_Project/Scripts/Character/StateMachine/States/AttackState.cs Line: 52)

[Combo] hit 2: light_punch
UnityEngine.Debug:ExtractStackTraceNoAlloc (byte*,int,string)
UnityEngine.StackTraceUtility:ExtractStackTrace () (at /Users/bokken/build/output/unity/unity/Runtime/Export/Scripting/StackTrace.cs:35)
UnityEngine.DebugLogHandler:Internal_Log (UnityEngine.LogType,UnityEngine.LogOption,string,UnityEngine.Object)
UnityEngine.DebugLogHandler:LogFormat (UnityEngine.LogType,UnityEngine.Object,string,object[])
UnityEngine.Logger:Log (UnityEngine.LogType,object)
UnityEngine.Debug:Log (object)
RiftArena.Character.States.AttackState:Enter () (at Assets/_Project/Scripts/Character/StateMachine/States/AttackState.cs:52)
RiftArena.Character.States.AttackState:Tick () (at Assets/_Project/Scripts/Character/StateMachine/States/AttackState.cs:105)
RiftArena.Character.FSM.StateMachine:Tick () (at Assets/_Project/Scripts/Character/StateMachine/StateMachine.cs:23)
RiftArena.Character.Fighter:FixedUpdate () (at Assets/_Project/Scripts/Character/Fighter.cs:203)

(Filename: Assets/_Project/Scripts/Character/StateMachine/States/AttackState.cs Line: 52)

[Combo] hit 3: light_punch
UnityEngine.Debug:ExtractStackTraceNoAlloc (byte*,int,string)
UnityEngine.StackTraceUtility:ExtractStackTrace () (at /Users/bokken/build/output/unity/unity/Runtime/Export/Scripting/StackTrace.cs:35)
UnityEngine.DebugLogHandler:Internal_Log (UnityEngine.LogType,UnityEngine.LogOption,string,UnityEngine.Object)
UnityEngine.DebugLogHandler:LogFormat (UnityEngine.LogType,UnityEngine.Object,string,object[])
UnityEngine.Logger:Log (UnityEngine.LogType,object)
UnityEngine.Debug:Log (object)
RiftArena.Character.States.AttackState:Enter () (at Assets/_Project/Scripts/Character/StateMachine/States/AttackState.cs:52)
RiftArena.Character.States.AttackState:Tick () (at Assets/_Project/Scripts/Character/StateMachine/States/AttackState.cs:105)
RiftArena.Character.FSM.StateMachine:Tick () (at Assets/_Project/Scripts/Character/StateMachine/StateMachine.cs:23)
RiftArena.Character.Fighter:FixedUpdate () (at Assets/_Project/Scripts/Character/Fighter.cs:203)

(Filename: Assets/_Project/Scripts/Character/StateMachine/States/AttackState.cs Line: 52)

[Combo] hit 4: light_punch
UnityEngine.Debug:ExtractStackTraceNoAlloc (byte*,int,string)
UnityEngine.StackTraceUtility:ExtractStackTrace () (at /Users/bokken/build/output/unity/unity/Runtime/Export/Scripting/StackTrace.cs:35)
UnityEngine.DebugLogHandler:Internal_Log (UnityEngine.LogType,UnityEngine.LogOption,string,UnityEngine.Object)
UnityEngine.DebugLogHandler:LogFormat (UnityEngine.LogType,UnityEngine.Object,string,object[])
UnityEngine.Logger:Log (UnityEngine.LogType,object)
UnityEngine.Debug:Log (object)
RiftArena.Character.States.AttackState:Enter () (at Assets/_Project/Scripts/Character/StateMachine/States/AttackState.cs:52)
RiftArena.Character.States.AttackState:Tick () (at Assets/_Project/Scripts/Character/StateMachine/States/AttackState.cs:105)
RiftArena.Character.FSM.StateMachine:Tick () (at Assets/_Project/Scripts/Character/StateMachine/StateMachine.cs:23)
RiftArena.Character.Fighter:FixedUpdate () (at Assets/_Project/Scripts/Character/Fighter.cs:203)

(Filename: Assets/_Project/Scripts/Character/StateMachine/States/AttackState.cs Line: 52)

[Combo] hit 5: light_punch
UnityEngine.Debug:ExtractStackTraceNoAlloc (byte*,int,string)
UnityEngine.StackTraceUtility:ExtractStackTrace () (at /Users/bokken/build/output/unity/unity/Runtime/Export/Scripting/StackTrace.cs:35)
UnityEngine.DebugLogHandler:Internal_Log (UnityEngine.LogType,UnityEngine.LogOption,string,UnityEngine.Object)
UnityEngine.DebugLogHandler:LogFormat (UnityEngine.LogType,UnityEngine.Object,string,object[])
UnityEngine.Logger:Log (UnityEngine.LogType,object)
UnityEngine.Debug:Log (object)
RiftArena.Character.States.AttackState:Enter () (at Assets/_Project/Scripts/Character/StateMachine/States/AttackState.cs:52)
RiftArena.Character.States.AttackState:Tick () (at Assets/_Project/Scripts/Character/StateMachine/States/AttackState.cs:105)
RiftArena.Character.FSM.StateMachine:Tick () (at Assets/_Project/Scripts/Character/StateMachine/StateMachine.cs:23)
RiftArena.Character.Fighter:FixedUpdate () (at Assets/_Project/Scripts/Character/Fighter.cs:203)

(Filename: Assets/_Project/Scripts/Character/StateMachine/States/AttackState.cs Line: 52)

[Combo] hit 6: light_punch
UnityEngine.Debug:ExtractStackTraceNoAlloc (byte*,int,string)
UnityEngine.StackTraceUtility:ExtractStackTrace () (at /Users/bokken/build/output/unity/unity/Runtime/Export/Scripting/StackTrace.cs:35)
UnityEngine.DebugLogHandler:Internal_Log (UnityEngine.LogType,UnityEngine.LogOption,string,UnityEngine.Object)
UnityEngine.DebugLogHandler:LogFormat (UnityEngine.LogType,UnityEngine.Object,string,object[])
UnityEngine.Logger:Log (UnityEngine.LogType,object)
UnityEngine.Debug:Log (object)
RiftArena.Character.States.AttackState:Enter () (at Assets/_Project/Scripts/Character/StateMachine/States/AttackState.cs:52)
RiftArena.Character.States.AttackState:Tick () (at Assets/_Project/Scripts/Character/StateMachine/States/AttackState.cs:105)
RiftArena.Character.FSM.StateMachine:Tick () (at Assets/_Project/Scripts/Character/StateMachine/StateMachine.cs:23)
RiftArena.Character.Fighter:FixedUpdate () (at Assets/_Project/Scripts/Character/Fighter.cs:203)

(Filename: Assets/_Project/Scripts/Character/StateMachine/States/AttackState.cs Line: 52)

[Combo] hit 7: light_punch
UnityEngine.Debug:ExtractStackTraceNoAlloc (byte*,int,string)
UnityEngine.StackTraceUtility:ExtractStackTrace () (at /Users/bokken/build/output/unity/unity/Runtime/Export/Scripting/StackTrace.cs:35)
UnityEngine.DebugLogHandler:Internal_Log (UnityEngine.LogType,UnityEngine.LogOption,string,UnityEngine.Object)
UnityEngine.DebugLogHandler:LogFormat (UnityEngine.LogType,UnityEngine.Object,string,object[])
UnityEngine.Logger:Log (UnityEngine.LogType,object)
UnityEngine.Debug:Log (object)
RiftArena.Character.States.AttackState:Enter () (at Assets/_Project/Scripts/Character/StateMachine/States/AttackState.cs:52)
RiftArena.Character.States.AttackState:Tick () (at Assets/_Project/Scripts/Character/StateMachine/States/AttackState.cs:105)
RiftArena.Character.FSM.StateMachine:Tick () (at Assets/_Project/Scripts/Character/StateMachine/StateMachine.cs:23)
RiftArena.Character.Fighter:FixedUpdate () (at Assets/_Project/Scripts/Character/Fighter.cs:203)

(Filename: Assets/_Project/Scripts/Character/StateMachine/States/AttackState.cs Line: 52)

[Combo] hit 8: light_punch
UnityEngine.Debug:ExtractStackTraceNoAlloc (byte*,int,string)
UnityEngine.StackTraceUtility:ExtractStackTrace () (at /Users/bokken/build/output/unity/unity/Runtime/Export/Scripting/StackTrace.cs:35)
UnityEngine.DebugLogHandler:Internal_Log (UnityEngine.LogType,UnityEngine.LogOption,string,UnityEngine.Object)
UnityEngine.DebugLogHandler:LogFormat (UnityEngine.LogType,UnityEngine.Object,string,object[])
UnityEngine.Logger:Log (UnityEngine.LogType,object)
UnityEngine.Debug:Log (object)
RiftArena.Character.States.AttackState:Enter () (at Assets/_Project/Scripts/Character/StateMachine/States/AttackState.cs:52)
RiftArena.Character.States.AttackState:Tick () (at Assets/_Project/Scripts/Character/StateMachine/States/AttackState.cs:105)
RiftArena.Character.FSM.StateMachine:Tick () (at Assets/_Project/Scripts/Character/StateMachine/StateMachine.cs:23)
RiftArena.Character.Fighter:FixedUpdate () (at Assets/_Project/Scripts/Character/Fighter.cs:203)

(Filename: Assets/_Project/Scripts/Character/StateMachine/States/AttackState.cs Line: 52)

[Combo] hit 9: light_punch
UnityEngine.Debug:ExtractStackTraceNoAlloc (byte*,int,string)
UnityEngine.StackTraceUtility:ExtractStackTrace () (at /Users/bokken/build/output/unity/unity/Runtime/Export/Scripting/StackTrace.cs:35)
UnityEngine.DebugLogHandler:Internal_Log (UnityEngine.LogType,UnityEngine.LogOption,string,UnityEngine.Object)
UnityEngine.DebugLogHandler:LogFormat (UnityEngine.LogType,UnityEngine.Object,string,object[])
UnityEngine.Logger:Log (UnityEngine.LogType,object)
UnityEngine.Debug:Log (object)
RiftArena.Character.States.AttackState:Enter () (at Assets/_Project/Scripts/Character/StateMachine/States/AttackState.cs:52)
RiftArena.Character.States.AttackState:Tick () (at Assets/_Project/Scripts/Character/StateMachine/States/AttackState.cs:105)
RiftArena.Character.FSM.StateMachine:Tick () (at Assets/_Project/Scripts/Character/StateMachine/StateMachine.cs:23)
RiftArena.Character.Fighter:FixedUpdate () (at Assets/_Project/Scripts/Character/Fighter.cs:203)

(Filename: Assets/_Project/Scripts/Character/StateMachine/States/AttackState.cs Line: 52)

[Combo] hit 1: light_punch
UnityEngine.Debug:ExtractStackTraceNoAlloc (byte*,int,string)
UnityEngine.StackTraceUtility:ExtractStackTrace () (at /Users/bokken/build/output/unity/unity/Runtime/Export/Scripting/StackTrace.cs:35)
UnityEngine.DebugLogHandler:Internal_Log (UnityEngine.LogType,UnityEngine.LogOption,string,UnityEngine.Object)
UnityEngine.DebugLogHandler:LogFormat (UnityEngine.LogType,UnityEngine.Object,string,object[])
UnityEngine.Logger:Log (UnityEngine.LogType,object)
UnityEngine.Debug:Log (object)
RiftArena.Character.States.AttackState:Enter () (at Assets/_Project/Scripts/Character/StateMachine/States/AttackState.cs:52)
RiftArena.Character.FSM.StateMachine:ChangeState (RiftArena.Character.FSM.IState) (at Assets/_Project/Scripts/Character/StateMachine/StateMachine.cs:18)
RiftArena.Character.States.IdleState:Tick () (at Assets/_Project/Scripts/Character/StateMachine/States/IdleState.cs:29)
RiftArena.Character.FSM.StateMachine:Tick () (at Assets/_Project/Scripts/Character/StateMachine/StateMachine.cs:23)
RiftArena.Character.Fighter:FixedUpdate () (at Assets/_Project/Scripts/Character/Fighter.cs:203)

(Filename: Assets/_Project/Scripts/Character/StateMachine/States/AttackState.cs Line: 52)

[Combo] hit 2: light_punch
UnityEngine.Debug:ExtractStackTraceNoAlloc (byte*,int,string)
UnityEngine.StackTraceUtility:ExtractStackTrace () (at /Users/bokken/build/output/unity/unity/Runtime/Export/Scripting/StackTrace.cs:35)
UnityEngine.DebugLogHandler:Internal_Log (UnityEngine.LogType,UnityEngine.LogOption,string,UnityEngine.Object)
UnityEngine.DebugLogHandler:LogFormat (UnityEngine.LogType,UnityEngine.Object,string,object[])
UnityEngine.Logger:Log (UnityEngine.LogType,object)
UnityEngine.Debug:Log (object)
RiftArena.Character.States.AttackState:Enter () (at Assets/_Project/Scripts/Character/StateMachine/States/AttackState.cs:52)
RiftArena.Character.States.AttackState:Tick () (at Assets/_Project/Scripts/Character/StateMachine/States/AttackState.cs:105)
RiftArena.Character.FSM.StateMachine:Tick () (at Assets/_Project/Scripts/Character/StateMachine/StateMachine.cs:23)
RiftArena.Character.Fighter:FixedUpdate () (at Assets/_Project/Scripts/Character/Fighter.cs:203)

(Filename: Assets/_Project/Scripts/Character/StateMachine/States/AttackState.cs Line: 52)

[Combo] hit 3: light_punch
UnityEngine.Debug:ExtractStackTraceNoAlloc (byte*,int,string)
UnityEngine.StackTraceUtility:ExtractStackTrace () (at /Users/bokken/build/output/unity/unity/Runtime/Export/Scripting/StackTrace.cs:35)
UnityEngine.DebugLogHandler:Internal_Log (UnityEngine.LogType,UnityEngine.LogOption,string,UnityEngine.Object)
UnityEngine.DebugLogHandler:LogFormat (UnityEngine.LogType,UnityEngine.Object,string,object[])
UnityEngine.Logger:Log (UnityEngine.LogType,object)
UnityEngine.Debug:Log (object)
RiftArena.Character.States.AttackState:Enter () (at Assets/_Project/Scripts/Character/StateMachine/States/AttackState.cs:52)
RiftArena.Character.States.AttackState:Tick () (at Assets/_Project/Scripts/Character/StateMachine/States/AttackState.cs:105)
RiftArena.Character.FSM.StateMachine:Tick () (at Assets/_Project/Scripts/Character/StateMachine/StateMachine.cs:23)
RiftArena.Character.Fighter:FixedUpdate () (at Assets/_Project/Scripts/Character/Fighter.cs:203)

(Filename: Assets/_Project/Scripts/Character/StateMachine/States/AttackState.cs Line: 52)

[Combo] hit 4: light_punch
UnityEngine.Debug:ExtractStackTraceNoAlloc (byte*,int,string)
UnityEngine.StackTraceUtility:ExtractStackTrace () (at /Users/bokken/build/output/unity/unity/Runtime/Export/Scripting/StackTrace.cs:35)
UnityEngine.DebugLogHandler:Internal_Log (UnityEngine.LogType,UnityEngine.LogOption,string,UnityEngine.Object)
UnityEngine.DebugLogHandler:LogFormat (UnityEngine.LogType,UnityEngine.Object,string,object[])
UnityEngine.Logger:Log (UnityEngine.LogType,object)
UnityEngine.Debug:Log (object)
RiftArena.Character.States.AttackState:Enter () (at Assets/_Project/Scripts/Character/StateMachine/States/AttackState.cs:52)
RiftArena.Character.States.AttackState:Tick () (at Assets/_Project/Scripts/Character/StateMachine/States/AttackState.cs:105)
RiftArena.Character.FSM.StateMachine:Tick () (at Assets/_Project/Scripts/Character/StateMachine/StateMachine.cs:23)
RiftArena.Character.Fighter:FixedUpdate () (at Assets/_Project/Scripts/Character/Fighter.cs:203)

(Filename: Assets/_Project/Scripts/Character/StateMachine/States/AttackState.cs Line: 52)

[Combo] hit 5: light_punch
UnityEngine.Debug:ExtractStackTraceNoAlloc (byte*,int,string)
UnityEngine.StackTraceUtility:ExtractStackTrace () (at /Users/bokken/build/output/unity/unity/Runtime/Export/Scripting/StackTrace.cs:35)
UnityEngine.DebugLogHandler:Internal_Log (UnityEngine.LogType,UnityEngine.LogOption,string,UnityEngine.Object)
UnityEngine.DebugLogHandler:LogFormat (UnityEngine.LogType,UnityEngine.Object,string,object[])
UnityEngine.Logger:Log (UnityEngine.LogType,object)
UnityEngine.Debug:Log (object)
RiftArena.Character.States.AttackState:Enter () (at Assets/_Project/Scripts/Character/StateMachine/States/AttackState.cs:52)
RiftArena.Character.States.AttackState:Tick () (at Assets/_Project/Scripts/Character/StateMachine/States/AttackState.cs:105)
RiftArena.Character.FSM.StateMachine:Tick () (at Assets/_Project/Scripts/Character/StateMachine/StateMachine.cs:23)
RiftArena.Character.Fighter:FixedUpdate () (at Assets/_Project/Scripts/Character/Fighter.cs:203)

(Filename: Assets/_Project/Scripts/Character/StateMachine/States/AttackState.cs Line: 52)

[Combo] hit 1: light_punch
UnityEngine.Debug:ExtractStackTraceNoAlloc (byte*,int,string)
UnityEngine.StackTraceUtility:ExtractStackTrace () (at /Users/bokken/build/output/unity/unity/Runtime/Export/Scripting/StackTrace.cs:35)
UnityEngine.DebugLogHandler:Internal_Log (UnityEngine.LogType,UnityEngine.LogOption,string,UnityEngine.Object)
UnityEngine.DebugLogHandler:LogFormat (UnityEngine.LogType,UnityEngine.Object,string,object[])
UnityEngine.Logger:Log (UnityEngine.LogType,object)
UnityEngine.Debug:Log (object)
RiftArena.Character.States.AttackState:Enter () (at Assets/_Project/Scripts/Character/StateMachine/States/AttackState.cs:52)
RiftArena.Character.FSM.StateMachine:ChangeState (RiftArena.Character.FSM.IState) (at Assets/_Project/Scripts/Character/StateMachine/StateMachine.cs:18)
RiftArena.Character.States.IdleState:Tick () (at Assets/_Project/Scripts/Character/StateMachine/States/IdleState.cs:29)
RiftArena.Character.FSM.StateMachine:Tick () (at Assets/_Project/Scripts/Character/StateMachine/StateMachine.cs:23)
RiftArena.Character.Fighter:FixedUpdate () (at Assets/_Project/Scripts/Character/Fighter.cs:203)

(Filename: Assets/_Project/Scripts/Character/StateMachine/States/AttackState.cs Line: 52)

[Combo] hit 2: light_punch
UnityEngine.Debug:ExtractStackTraceNoAlloc (byte*,int,string)
UnityEngine.StackTraceUtility:ExtractStackTrace () (at /Users/bokken/build/output/unity/unity/Runtime/Export/Scripting/StackTrace.cs:35)
UnityEngine.DebugLogHandler:Internal_Log (UnityEngine.LogType,UnityEngine.LogOption,string,UnityEngine.Object)
UnityEngine.DebugLogHandler:LogFormat (UnityEngine.LogType,UnityEngine.Object,string,object[])
UnityEngine.Logger:Log (UnityEngine.LogType,object)
UnityEngine.Debug:Log (object)
RiftArena.Character.States.AttackState:Enter () (at Assets/_Project/Scripts/Character/StateMachine/States/AttackState.cs:52)
RiftArena.Character.States.AttackState:Tick () (at Assets/_Project/Scripts/Character/StateMachine/States/AttackState.cs:105)
RiftArena.Character.FSM.StateMachine:Tick () (at Assets/_Project/Scripts/Character/StateMachine/StateMachine.cs:23)
RiftArena.Character.Fighter:FixedUpdate () (at Assets/_Project/Scripts/Character/Fighter.cs:203)

(Filename: Assets/_Project/Scripts/Character/StateMachine/States/AttackState.cs Line: 52)

[Combo] hit 3: light_punch
UnityEngine.Debug:ExtractStackTraceNoAlloc (byte*,int,string)
UnityEngine.StackTraceUtility:ExtractStackTrace () (at /Users/bokken/build/output/unity/unity/Runtime/Export/Scripting/StackTrace.cs:35)
UnityEngine.DebugLogHandler:Internal_Log (UnityEngine.LogType,UnityEngine.LogOption,string,UnityEngine.Object)
UnityEngine.DebugLogHandler:LogFormat (UnityEngine.LogType,UnityEngine.Object,string,object[])
UnityEngine.Logger:Log (UnityEngine.LogType,object)
UnityEngine.Debug:Log (object)
RiftArena.Character.States.AttackState:Enter () (at Assets/_Project/Scripts/Character/StateMachine/States/AttackState.cs:52)
RiftArena.Character.States.AttackState:Tick () (at Assets/_Project/Scripts/Character/StateMachine/States/AttackState.cs:105)
RiftArena.Character.FSM.StateMachine:Tick () (at Assets/_Project/Scripts/Character/StateMachine/StateMachine.cs:23)
RiftArena.Character.Fighter:FixedUpdate () (at Assets/_Project/Scripts/Character/Fighter.cs:203)

(Filename: Assets/_Project/Scripts/Character/StateMachine/States/AttackState.cs Line: 52)

[Combo] hit 4: light_punch
UnityEngine.Debug:ExtractStackTraceNoAlloc (byte*,int,string)
UnityEngine.StackTraceUtility:ExtractStackTrace () (at /Users/bokken/build/output/unity/unity/Runtime/Export/Scripting/StackTrace.cs:35)
UnityEngine.DebugLogHandler:Internal_Log (UnityEngine.LogType,UnityEngine.LogOption,string,UnityEngine.Object)
UnityEngine.DebugLogHandler:LogFormat (UnityEngine.LogType,UnityEngine.Object,string,object[])
UnityEngine.Logger:Log (UnityEngine.LogType,object)
UnityEngine.Debug:Log (object)
RiftArena.Character.States.AttackState:Enter () (at Assets/_Project/Scripts/Character/StateMachine/States/AttackState.cs:52)
RiftArena.Character.States.AttackState:Tick () (at Assets/_Project/Scripts/Character/StateMachine/States/AttackState.cs:105)
RiftArena.Character.FSM.StateMachine:Tick () (at Assets/_Project/Scripts/Character/StateMachine/StateMachine.cs:23)
RiftArena.Character.Fighter:FixedUpdate () (at Assets/_Project/Scripts/Character/Fighter.cs:203)

(Filename: Assets/_Project/Scripts/Character/StateMachine/States/AttackState.cs Line: 52)

[Combo] hit 5: light_punch
UnityEngine.Debug:ExtractStackTraceNoAlloc (byte*,int,string)
UnityEngine.StackTraceUtility:ExtractStackTrace () (at /Users/bokken/build/output/unity/unity/Runtime/Export/Scripting/StackTrace.cs:35)
UnityEngine.DebugLogHandler:Internal_Log (UnityEngine.LogType,UnityEngine.LogOption,string,UnityEngine.Object)
UnityEngine.DebugLogHandler:LogFormat (UnityEngine.LogType,UnityEngine.Object,string,object[])
UnityEngine.Logger:Log (UnityEngine.LogType,object)
UnityEngine.Debug:Log (object)
RiftArena.Character.States.AttackState:Enter () (at Assets/_Project/Scripts/Character/StateMachine/States/AttackState.cs:52)
RiftArena.Character.States.AttackState:Tick () (at Assets/_Project/Scripts/Character/StateMachine/States/AttackState.cs:105)
RiftArena.Character.FSM.StateMachine:Tick () (at Assets/_Project/Scripts/Character/StateMachine/StateMachine.cs:23)
RiftArena.Character.Fighter:FixedUpdate () (at Assets/_Project/Scripts/Character/Fighter.cs:203)

(Filename: Assets/_Project/Scripts/Character/StateMachine/States/AttackState.cs Line: 52)

[Combo] hit 6: light_punch
UnityEngine.Debug:ExtractStackTraceNoAlloc (byte*,int,string)
UnityEngine.StackTraceUtility:ExtractStackTrace () (at /Users/bokken/build/output/unity/unity/Runtime/Export/Scripting/StackTrace.cs:35)
UnityEngine.DebugLogHandler:Internal_Log (UnityEngine.LogType,UnityEngine.LogOption,string,UnityEngine.Object)
UnityEngine.DebugLogHandler:LogFormat (UnityEngine.LogType,UnityEngine.Object,string,object[])
UnityEngine.Logger:Log (UnityEngine.LogType,object)
UnityEngine.Debug:Log (object)
RiftArena.Character.States.AttackState:Enter () (at Assets/_Project/Scripts/Character/StateMachine/States/AttackState.cs:52)
RiftArena.Character.States.AttackState:Tick () (at Assets/_Project/Scripts/Character/StateMachine/States/AttackState.cs:105)
RiftArena.Character.FSM.StateMachine:Tick () (at Assets/_Project/Scripts/Character/StateMachine/StateMachine.cs:23)
RiftArena.Character.Fighter:FixedUpdate () (at Assets/_Project/Scripts/Character/Fighter.cs:203)

(Filename: Assets/_Project/Scripts/Character/StateMachine/States/AttackState.cs Line: 52)

Account API did not become accessible within 30 seconds. This may be due to network issues or editor focus.
UnityEngine.Debug:ExtractStackTraceNoAlloc (byte*,int,string)
UnityEngine.StackTraceUtility:ExtractStackTrace () (at /Users/bokken/build/output/unity/unity/Runtime/Export/Scripting/StackTrace.cs:35)
UnityEngine.DebugLogHandler:Internal_Log (UnityEngine.LogType,UnityEngine.LogOption,string,UnityEngine.Object)
UnityEngine.DebugLogHandler:LogFormat (UnityEngine.LogType,UnityEngine.Object,string,object[])
UnityEngine.Logger:Log (UnityEngine.LogType,object)
UnityEngine.Debug:LogWarning (object)
Unity.AI.Toolkit.Accounts.Services.States.ApiAccessibleState/<WaitForCloudProjectSettings>d__4:MoveNext () (at ./Library/PackageCache/com.unity.ai.assistant@8d1e3e89e3a7/Modules/Unity.AI.Toolkit.Accounts/Services/States/ApiAccessibleState.cs:46)
System.Runtime.CompilerServices.AsyncMethodBuilderCore/MoveNextRunner:InvokeMoveNext (object)
System.Threading.ExecutionContext:RunInternal (System.Threading.ExecutionContext,System.Threading.ContextCallback,object,bool)
System.Threading.ExecutionContext:Run (System.Threading.ExecutionContext,System.Threading.ContextCallback,object,bool)
System.Runtime.CompilerServices.AsyncMethodBuilderCore/MoveNextRunner:Run ()
System.Threading.Tasks.AwaitTaskContinuation:InvokeAction (object)
System.Threading.Tasks.AwaitTaskContinuation:RunCallback (System.Threading.ContextCallback,object,System.Threading.Tasks.Task&)
System.Threading.Tasks.SynchronizationContextAwaitTaskContinuation:Run (System.Threading.Tasks.Task,bool)
System.Threading.Tasks.Task:FinishContinuations ()
System.Threading.Tasks.Task:FinishStageThree ()
System.Threading.Tasks.Task`1<bool>:TrySetResult (bool)
System.Threading.Tasks.TaskCompletionSource`1<bool>:TrySetResult (bool)
Unity.AI.Toolkit.EditorTask/<>c__DisplayClass22_0:<WaitForCondition>b__0 () (at ./Library/PackageCache/com.unity.ai.assistant@8d1e3e89e3a7/Modules/Unity.AI.Toolkit.Async/EditorTask.cs:420)
UnityEditor.EditorApplication:Internal_CallUpdateFunctions () (at /Users/bokken/build/output/unity/unity/Editor/Mono/EditorApplication.cs:403)

(Filename: ./Library/PackageCache/com.unity.ai.assistant@8d1e3e89e3a7/Modules/Unity.AI.Toolkit.Accounts/Services/States/ApiAccessibleState.cs Line: 46)

[Licensing::Client] Error: Code 404 while processing request (status: Found 0 entitlement groups and 0 free entitlements matching requested entitlement ids)
[Licensing::Client] Error: Code 404 while processing request (status: Found 0 entitlement groups and 0 free entitlements matching requested entitlement ids)
[Combo] hit 7: light_punch
UnityEngine.Debug:ExtractStackTraceNoAlloc (byte*,int,string)
UnityEngine.StackTraceUtility:ExtractStackTrace () (at /Users/bokken/build/output/unity/unity/Runtime/Export/Scripting/StackTrace.cs:35)
UnityEngine.DebugLogHandler:Internal_Log (UnityEngine.LogType,UnityEngine.LogOption,string,UnityEngine.Object)
UnityEngine.DebugLogHandler:LogFormat (UnityEngine.LogType,UnityEngine.Object,string,object[])
UnityEngine.Logger:Log (UnityEngine.LogType,object)
UnityEngine.Debug:Log (object)
RiftArena.Character.States.AttackState:Enter () (at Assets/_Project/Scripts/Character/StateMachine/States/AttackState.cs:52)
RiftArena.Character.States.AttackState:Tick () (at Assets/_Project/Scripts/Character/StateMachine/States/AttackState.cs:105)
RiftArena.Character.FSM.StateMachine:Tick () (at Assets/_Project/Scripts/Character/StateMachine/StateMachine.cs:23)
RiftArena.Character.Fighter:FixedUpdate () (at Assets/_Project/Scripts/Character/Fighter.cs:203)

(Filename: Assets/_Project/Scripts/Character/StateMachine/States/AttackState.cs Line: 52)

[Combo] hit 8: light_punch
UnityEngine.Debug:ExtractStackTraceNoAlloc (byte*,int,string)
UnityEngine.StackTraceUtility:ExtractStackTrace () (at /Users/bokken/build/output/unity/unity/Runtime/Export/Scripting/StackTrace.cs:35)
UnityEngine.DebugLogHandler:Internal_Log (UnityEngine.LogType,UnityEngine.LogOption,string,UnityEngine.Object)
UnityEngine.DebugLogHandler:LogFormat (UnityEngine.LogType,UnityEngine.Object,string,object[])
UnityEngine.Logger:Log (UnityEngine.LogType,object)
UnityEngine.Debug:Log (object)
RiftArena.Character.States.AttackState:Enter () (at Assets/_Project/Scripts/Character/StateMachine/States/AttackState.cs:52)
RiftArena.Character.States.AttackState:Tick () (at Assets/_Project/Scripts/Character/StateMachine/States/AttackState.cs:105)
RiftArena.Character.FSM.StateMachine:Tick () (at Assets/_Project/Scripts/Character/StateMachine/StateMachine.cs:23)
RiftArena.Character.Fighter:FixedUpdate () (at Assets/_Project/Scripts/Character/Fighter.cs:203)

(Filename: Assets/_Project/Scripts/Character/StateMachine/States/AttackState.cs Line: 52)

[Combo] hit 9: light_punch
UnityEngine.Debug:ExtractStackTraceNoAlloc (byte*,int,string)
UnityEngine.StackTraceUtility:ExtractStackTrace () (at /Users/bokken/build/output/unity/unity/Runtime/Export/Scripting/StackTrace.cs:35)
UnityEngine.DebugLogHandler:Internal_Log (UnityEngine.LogType,UnityEngine.LogOption,string,UnityEngine.Object)
UnityEngine.DebugLogHandler:LogFormat (UnityEngine.LogType,UnityEngine.Object,string,object[])
UnityEngine.Logger:Log (UnityEngine.LogType,object)
UnityEngine.Debug:Log (object)
RiftArena.Character.States.AttackState:Enter () (at Assets/_Project/Scripts/Character/StateMachine/States/AttackState.cs:52)
RiftArena.Character.States.AttackState:Tick () (at Assets/_Project/Scripts/Character/StateMachine/States/AttackState.cs:105)
RiftArena.Character.FSM.StateMachine:Tick () (at Assets/_Project/Scripts/Character/StateMachine/StateMachine.cs:23)
RiftArena.Character.Fighter:FixedUpdate () (at Assets/_Project/Scripts/Character/Fighter.cs:203)

(Filename: Assets/_Project/Scripts/Character/StateMachine/States/AttackState.cs Line: 52)

[Combo] hit 10: light_punch
UnityEngine.Debug:ExtractStackTraceNoAlloc (byte*,int,string)
UnityEngine.StackTraceUtility:ExtractStackTrace () (at /Users/bokken/build/output/unity/unity/Runtime/Export/Scripting/StackTrace.cs:35)
UnityEngine.DebugLogHandler:Internal_Log (UnityEngine.LogType,UnityEngine.LogOption,string,UnityEngine.Object)
UnityEngine.DebugLogHandler:LogFormat (UnityEngine.LogType,UnityEngine.Object,string,object[])
UnityEngine.Logger:Log (UnityEngine.LogType,object)
UnityEngine.Debug:Log (object)
RiftArena.Character.States.AttackState:Enter () (at Assets/_Project/Scripts/Character/StateMachine/States/AttackState.cs:52)
RiftArena.Character.States.AttackState:Tick () (at Assets/_Project/Scripts/Character/StateMachine/States/AttackState.cs:105)
RiftArena.Character.FSM.StateMachine:Tick () (at Assets/_Project/Scripts/Character/StateMachine/StateMachine.cs:23)
RiftArena.Character.Fighter:FixedUpdate () (at Assets/_Project/Scripts/Character/Fighter.cs:203)

(Filename: Assets/_Project/Scripts/Character/StateMachine/States/AttackState.cs Line: 52)

[Combo] hit 11: light_punch
UnityEngine.Debug:ExtractStackTraceNoAlloc (byte*,int,string)
UnityEngine.StackTraceUtility:ExtractStackTrace () (at /Users/bokken/build/output/unity/unity/Runtime/Export/Scripting/StackTrace.cs:35)
UnityEngine.DebugLogHandler:Internal_Log (UnityEngine.LogType,UnityEngine.LogOption,string,UnityEngine.Object)
UnityEngine.DebugLogHandler:LogFormat (UnityEngine.LogType,UnityEngine.Object,string,object[])
UnityEngine.Logger:Log (UnityEngine.LogType,object)
UnityEngine.Debug:Log (object)
RiftArena.Character.States.AttackState:Enter () (at Assets/_Project/Scripts/Character/StateMachine/States/AttackState.cs:52)
RiftArena.Character.States.AttackState:Tick () (at Assets/_Project/Scripts/Character/StateMachine/States/AttackState.cs:105)
RiftArena.Character.FSM.StateMachine:Tick () (at Assets/_Project/Scripts/Character/StateMachine/StateMachine.cs:23)
RiftArena.Character.Fighter:FixedUpdate () (at Assets/_Project/Scripts/Character/Fighter.cs:203)

(Filename: Assets/_Project/Scripts/Character/StateMachine/States/AttackState.cs Line: 52)

[Combo] hit 12: light_punch
UnityEngine.Debug:ExtractStackTraceNoAlloc (byte*,int,string)
UnityEngine.StackTraceUtility:ExtractStackTrace () (at /Users/bokken/build/output/unity/unity/Runtime/Export/Scripting/StackTrace.cs:35)
UnityEngine.DebugLogHandler:Internal_Log (UnityEngine.LogType,UnityEngine.LogOption,string,UnityEngine.Object)
UnityEngine.DebugLogHandler:LogFormat (UnityEngine.LogType,UnityEngine.Object,string,object[])
UnityEngine.Logger:Log (UnityEngine.LogType,object)
UnityEngine.Debug:Log (object)
RiftArena.Character.States.AttackState:Enter () (at Assets/_Project/Scripts/Character/StateMachine/States/AttackState.cs:52)
RiftArena.Character.States.AttackState:Tick () (at Assets/_Project/Scripts/Character/StateMachine/States/AttackState.cs:105)
RiftArena.Character.FSM.StateMachine:Tick () (at Assets/_Project/Scripts/Character/StateMachine/StateMachine.cs:23)
RiftArena.Character.Fighter:FixedUpdate () (at Assets/_Project/Scripts/Character/Fighter.cs:203)

(Filename: Assets/_Project/Scripts/Character/StateMachine/States/AttackState.cs Line: 52)

Unloading 2 Unused Serialized files (Serialized files now loaded: 0)
UnloadTime: 1.429125 ms
Loaded scene 'Assets/_Project/Scenes/MainMenu.unity'
	Deserialize:            2.798 ms
	Integration:            150.994 ms
	Integration of assets:  0.027 ms
	Thread Wait Time:       1.156 ms
	Total Operation Time:   154.976 ms
Unloading 34 unused Assets / (33.7 MB). Loaded Objects now: 9955.
Memory consumption went from 408.1 MB to 374.4 MB.
Total: 27.376250 ms (FindLiveObjects: 0.400333 ms CreateObjectMapping: 1.136167 ms MarkObjects: 24.647625 ms  DeleteObjects: 1.191959 ms)

Unloading 19 Unused Serialized files (Serialized files now loaded: 0)
UnloadTime: 0.534417 ms
Loaded scene 'Temp/__Backupscenes/0.backup'
	Deserialize:            14.218 ms
	Integration:            657.284 ms
	Integration of assets:  0.514 ms
	Thread Wait Time:       1.887 ms
	Total Operation Time:   673.903 ms
Unloading 313 unused Assets / (285.2 KB). Loaded Objects now: 10389.
Memory consumption went from 408.6 MB to 408.3 MB.
Total: 24.701875 ms (FindLiveObjects: 0.408459 ms CreateObjectMapping: 1.258416 ms MarkObjects: 22.873334 ms  DeleteObjects: 0.161250 ms)

[Combo] hit 1: light_punch
UnityEngine.Debug:ExtractStackTraceNoAlloc (byte*,int,string)
UnityEngine.StackTraceUtility:ExtractStackTrace () (at /Users/bokken/build/output/unity/unity/Runtime/Export/Scripting/StackTrace.cs:35)
UnityEngine.DebugLogHandler:Internal_Log (UnityEngine.LogType,UnityEngine.LogOption,string,UnityEngine.Object)
UnityEngine.DebugLogHandler:LogFormat (UnityEngine.LogType,UnityEngine.Object,string,object[])
UnityEngine.Logger:Log (UnityEngine.LogType,object)
UnityEngine.Debug:Log (object)
RiftArena.Character.States.AttackState:Enter () (at Assets/_Project/Scripts/Character/StateMachine/States/AttackState.cs:52)
RiftArena.Character.FSM.StateMachine:ChangeState (RiftArena.Character.FSM.IState) (at Assets/_Project/Scripts/Character/StateMachine/StateMachine.cs:18)
RiftArena.Character.States.IdleState:Tick () (at Assets/_Project/Scripts/Character/StateMachine/States/IdleState.cs:29)
RiftArena.Character.FSM.StateMachine:Tick () (at Assets/_Project/Scripts/Character/StateMachine/StateMachine.cs:23)
RiftArena.Character.Fighter:FixedUpdate () (at Assets/_Project/Scripts/Character/Fighter.cs:203)

(Filename: Assets/_Project/Scripts/Character/StateMachine/States/AttackState.cs Line: 52)

[Combo] hit 1: light_punch
UnityEngine.Debug:ExtractStackTraceNoAlloc (byte*,int,string)
UnityEngine.StackTraceUtility:ExtractStackTrace () (at /Users/bokken/build/output/unity/unity/Runtime/Export/Scripting/StackTrace.cs:35)
UnityEngine.DebugLogHandler:Internal_Log (UnityEngine.LogType,UnityEngine.LogOption,string,UnityEngine.Object)
UnityEngine.DebugLogHandler:LogFormat (UnityEngine.LogType,UnityEngine.Object,string,object[])
UnityEngine.Logger:Log (UnityEngine.LogType,object)
UnityEngine.Debug:Log (object)
RiftArena.Character.States.AttackState:Enter () (at Assets/_Project/Scripts/Character/StateMachine/States/AttackState.cs:52)
RiftArena.Character.FSM.StateMachine:ChangeState (RiftArena.Character.FSM.IState) (at Assets/_Project/Scripts/Character/StateMachine/StateMachine.cs:18)
RiftArena.Character.States.IdleState:Tick () (at Assets/_Project/Scripts/Character/StateMachine/States/IdleState.cs:29)
RiftArena.Character.FSM.StateMachine:Tick () (at Assets/_Project/Scripts/Character/StateMachine/StateMachine.cs:23)
RiftArena.Character.Fighter:FixedUpdate () (at Assets/_Project/Scripts/Character/Fighter.cs:203)

(Filename: Assets/_Project/Scripts/Character/StateMachine/States/AttackState.cs Line: 52)

Thread 0x308283000 may have been prematurely finalized
Unloading 1 Unused Serialized files (Serialized files now loaded: 0)
Loaded scene 'Temp/__Backupscenes/0.backup'
	Deserialize:            3.847 ms
	Integration:            276.806 ms
	Integration of assets:  0.024 ms
	Thread Wait Time:       0.010 ms
	Total Operation Time:   280.688 ms
Unloading 3 unused Assets / (375.4 KB). Loaded Objects now: 10607.
Memory consumption went from 411.0 MB to 410.7 MB.
Total: 40.488416 ms (FindLiveObjects: 0.748292 ms CreateObjectMapping: 2.048875 ms MarkObjects: 37.577834 ms  DeleteObjects: 0.112667 ms)

[Licensing::Client] Successfully resolved entitlement details
MaterialLocation.External is obsolete. External Material Location is no longer supported. (Assets/_Project/Arts/Environment/BoxingRing/source/boxing.fbx)
2026-09-28 23:18:32.775 Unity[41068:10299447] [Warning] TouchGestureResponder was not found in the responder chain during removal.
[Licensing::Client] Successfully updated the access token
[Licensing::Module] Successfully updated access token: "_DtdSVr7"... (expires: 2026-09-28T18:34:21Z)
[Licensing::Client] Error: Code 404 while processing request (status: Found 0 entitlement groups and 0 free entitlements matching requested entitlement ids)
[Licensing::Client] Error: Code 404 while processing request (status: Found 0 entitlement groups and 0 free entitlements matching requested entitlement ids)
[Licensing::Client] Error: Code 404 while processing request (status: Found 0 entitlement groups and 0 free entitlements matching requested entitlement ids)
[Licensing::Client] Error: Code 404 while processing request (status: Found 0 entitlement groups and 0 free entitlements matching requested entitlement ids)
[Licensing::Client] Error: Code 404 while processing request (status: Found 0 entitlement groups and 0 free entitlements matching requested entitlement ids)
[Licensing::Client] Error: Code 404 while processing request (status: Found 0 entitlement groups and 0 free entitlements matching requested entitlement ids)
[Licensing::Client] Error: Code 404 while processing request (status: Found 0 entitlement groups and 0 free entitlements matching requested entitlement ids)
[Licensing::Client] Error: Code 404 while processing request (status: Found 0 entitlement groups and 0 free entitlements matching requested entitlement ids)
[Licensing::Client] Error: Code 404 while processing request (status: Found 0 entitlement groups and 0 free entitlements matching requested entitlement ids)
[Licensing::Client] Error: Code 404 while processing request (status: Found 0 entitlement groups and 0 free entitlements matching requested entitlement ids)
[Licensing::Client] Error: Code 404 while processing request (status: Found 0 entitlement groups and 0 free entitlements matching requested entitlement ids)
[Licensing::Client] Error: Code 404 while processing request (status: Found 0 entitlement groups and 0 free entitlements matching requested entitlement ids)
[Licensing::Client] Error: Code 404 while processing request (status: Found 0 entitlement groups and 0 free entitlements matching requested entitlement ids)
[Licensing::Client] Error: Code 404 while processing request (status: Found 0 entitlement groups and 0 free entitlements matching requested entitlement ids)
[Licensing::Client] Error: Code 404 while processing request (status: Found 0 entitlement groups and 0 free entitlements matching requested entitlement ids)
[Licensing::Client] Error: Code 404 while processing request (status: Found 0 entitlement groups and 0 free entitlements matching requested entitlement ids)
[Licensing::Client] Error: Code 404 while processing request (status: Found 0 entitlement groups and 0 free entitlements matching requested entitlement ids)
[Licensing::Client] Error: Code 404 while processing request (status: Found 0 entitlement groups and 0 free entitlements matching requested entitlement ids)
[Licensing::Client] Error: Code 404 while processing request (status: Found 0 entitlement groups and 0 free entitlements matching requested entitlement ids)
[Licensing::Client] Error: Code 404 while processing request (status: Found 0 entitlement groups and 0 free entitlements matching requested entitlement ids)
[Licensing::Client] Error: Code 404 while processing request (status: Found 0 entitlement groups and 0 free entitlements matching requested entitlement ids)
[Licensing::Client] Error: Code 404 while processing request (status: Found 0 entitlement groups and 0 free entitlements matching requested entitlement ids)

Asset Pipeline Refresh (id=0e2ba1fe5f00f4daea8a48de303e4d03): Total: 0.352 seconds - Initiated by RefreshV2(AllowForceSynchronousImport)
	(Values over 0.05ms)
	Summary:
		Imports: total=0 (actual=0, local cache=0, cache server=0)
		Asset DB Process Time: managed=0 ms, native=342 ms
		Asset DB Callback time: managed=0 ms, native=8 ms
		Scripting: domain reloads=0, domain reload time=0 ms, compile time=0 ms, other=0 ms
		Project Asset Count: scripts=1805, non-scripts=5192
		Asset File Changes: new=0, changed=0, moved=0, deleted=0
		Scan Filter Count: 1
	InvokePackagesCallback: 3.509ms
	ApplyChangesToAssetFolders: 1.288ms
	Scan: 318.928ms
	Collect global state as custom dependencies: 2.017ms
	GatherAllCurrentPrimaryImportResultRevisions: 2.713ms
	UnloadStreamsBegin: 5.806ms
	UnloadStreamsEnd: 0.064ms
	Untracked: 11.619ms

2026-09-28 23:50:19.348 Unity[41068:10299447] [Warning] TouchGestureResponder was not found in the responder chain during removal.
2026-09-28 23:50:22.928 Unity[41068:10299447] [Warning] TouchGestureResponder was not found in the responder chain during removal.
[Licensing::Client] Error: Code 404 while processing request (status: Found 0 entitlement groups and 0 free entitlements matching requested entitlement ids)
[Licensing::Client] Successfully resolved entitlement details

Asset Pipeline Refresh (id=58ec88beb91ec49d299e92ad31a2434f): Total: 0.311 seconds - Initiated by RefreshV2(AllowForceSynchronousImport)
	(Values over 0.05ms)
	Summary:
		Imports: total=0 (actual=0, local cache=0, cache server=0)
		Asset DB Process Time: managed=0 ms, native=307 ms
		Asset DB Callback time: managed=0 ms, native=3 ms
		Scripting: domain reloads=0, domain reload time=0 ms, compile time=0 ms, other=0 ms
		Project Asset Count: scripts=1805, non-scripts=5192
		Asset File Changes: new=0, changed=0, moved=0, deleted=0
		Scan Filter Count: 1
	InvokePackagesCallback: 3.080ms
	ApplyChangesToAssetFolders: 0.838ms
	Scan: 294.871ms
	Collect global state as custom dependencies: 2.589ms
	GatherAllCurrentPrimaryImportResultRevisions: 1.424ms
	UnloadStreamsEnd: 0.285ms
	Untracked: 7.884ms

MonoPathRemapper: Attempts to remap: 104598; Successful remaps: 30316
Thread 0x17b8fb000 may have been prematurely finalized
Serialized file version minimum: 23, current 23
[LAYOUT] About to save layout /Users/ocean/Desktop/Create with Code/Arena Last Fight/UserSettings/Layouts/default-6000.dwlt
[LAYOUT] About to save layout /Users/ocean/Library/Preferences/Unity/Editor-5.x/Layouts/current/default-6000.dwlt
Importing 'GUID: 0000000000000000b000000000000000 - Path: ProjectSettings/EditorBuildSettings.asset' with importer (LibraryAssetImporter)
Imported 'GUID: 0000000000000000b000000000000000' -> (Import Result ID: '6830bf58fb54ef3016940a3b0f2d42c6') in 0.023 seconds [static dependencies only]. Details - ImportResultOutputID=4647dd083cfc32cebcd7526e8846440c DependenciesID=6c295e3cc23cb363c546a1a0fa161302 StaticDependenciesID=4e0945f9b4237a2704b508ff5d90fda6 
Shutting down MSBuild server...
Shutting down VB/C# compiler server...
Preloading 1 native plugins for Editor in 5.42 ms.

Asset Pipeline Refresh (id=fa710a62249e64939a945719ca432324): Total: 0.365 seconds - Initiated by StopAssetImportingV2(NoUpdateAssetOptions)
	(Values over 0.05ms)
	Summary:
		Imports: total=1 (actual=1, local cache=0, cache server=0)
		Asset DB Process Time: managed=1 ms, native=219 ms
		Asset DB Callback time: managed=129 ms, native=14 ms
		Scripting: domain reloads=0, domain reload time=0 ms, compile time=0 ms, other=0 ms
		Project Asset Count: scripts=1805, non-scripts=5192
		Asset File Changes: new=0, changed=0, moved=0, deleted=0
		Scan Filter Count: 1
	ApplyChangesToAssetFolders: 0.238ms
	Scan: 3.801ms
	CategorizeScriptCompilationAssets: 0.132ms
	ProcessAssetsWithTransientArtifactChanges: 0.264ms
	CategorizeAssets: 2.878ms
	ImportOutOfDateAssets: 205.224ms (103.104ms without children)
		ImportManagerImport: 27.373ms (1.275ms without children)
		ReloadNativeAssets: 0.076ms
		UnloadImportedAssets: 0.088ms
		EnsureUptoDateAssetsAreRegisteredWithGuidPM: 0.689ms
		ImportSchedulerStart: 73.893ms
	PostProcessAllAssets: 134.574ms
		XRBuildSystem.XRAssetImported 3.766ms
		PostProcessCallbackCreateDeferredMaterials 0.173ms
		AssemblyValidation.PostprocessAllAssets 0.139ms
		RaytracingShaderImportPostprocess 0.116ms
		MonoPostProcessAllAssets: 129.749ms
			AssetReferenceReimportMonitor.OnPostprocessAllAssets 13.855ms
			BuilderAssetPostprocessor.OnPostprocessAllAssets 4.510ms
			SpriteSlicePostprocessor.OnPostprocessAllAssets 4.270ms
			AssetPostprocessor.OnPostprocessAllAssets 3.078ms
			ShaderGraphAssetPostProcessor.OnPostprocessAllAssets 1.027ms
			AssetChangedListener.OnPostprocessAllAssets 0.930ms
			RetainedModeAssetPostprocessor.OnPostprocessAllAssets 0.828ms
			MaterialPostprocessor.OnPostprocessAllAssets 0.632ms
			SpriteEditorTexturePostprocessor.OnPostprocessAllAssets 0.466ms
			InputActionJsonNameModifierAssetProcessor.OnPostprocessAllAssets 0.430ms
			ArtifactBrowserPostProcessor.OnPostprocessAllAssets 0.411ms
			ModelAssetProcessor.OnPostprocessAllAssets 0.296ms
			SampleDependencyImporterPostProcessor.OnPostprocessAllAssets 0.288ms
			TextAssetPostProcessor.OnPostprocessAllAssets 0.255ms
			TMPro_TexturePostProcessor.OnPostprocessAllAssets 0.245ms
			PostProcessor.OnPostprocessAllAssets 0.206ms
			SkillsProjectAssetPostprocessor.OnPostprocessAllAssets 0.204ms
			AudioMixerPostprocessor.OnPostprocessAllAssets 0.201ms
			SpeedTreePostProcessor.OnPostprocessAllAssets 0.162ms
			InputActionAssetPostprocessor.OnPostprocessAllAssets 0.136ms
			AssetEvents.OnPostprocessAllAssets 0.133ms
			StyleCatalogPostProcessor.OnPostprocessAllAssets 0.123ms
			SamplePostprocessor.OnPostprocessAllAssets 0.118ms
			ScenarioDriftAssetsTracker.OnPostprocessAllAssets 0.099ms
			GraphRefreshPostprocessor.OnPostprocessAllAssets 0.087ms
			ConfigAssetsTracker.OnPostprocessAllAssets 0.081ms
	PostAssetChangesProfiler: 9.713ms
	GatherAllCurrentPrimaryImportResultRevisions: 0.282ms
	UnloadStreamsBegin: 0.238ms
	PersistCurrentRevisions: 0.172ms
	Untracked: 7.285ms

Thread 0x17ffdf000 may have been prematurely finalized
VB/C# compiler server shut down successfully.
MSBuild server shut down successfully.
Input System module state changed to: ShutdownInProgress.
Input Polling Thread exited.
Input System module state changed to: Shutdown.
[Physics::Module] Cleanup current backend.
[Physics::Module] Id: 0xf2b8ea05
[Licensing::IpcConnector] LicenseClient-ocean-notifications channel disconnected successfully.
[Licensing::IpcConnector] LicenseClient-ocean channel disconnected successfully.
Thread 0x170223000 may have been prematurely finalized
Thread 0x17010b000 may have been prematurely finalized
Thread 0x17007f000 may have been prematurely finalized
Thread 0x170197000 may have been prematurely finalized
Thread 0x1702af000 may have been prematurely finalized
Thread 0x17033b000 may have been prematurely finalized
Thread 0x1703c7000 may have been prematurely finalized
AcceleratorClientConnectionCallback - disconnected - :0
Thread 0x177cff000 may have been prematurely finalized
Cleanup mono
CodeReloadManager destroyed
info: Microsoft.Hosting.Lifetime[0]
      Application is shutting down...
info: Unity.ILPP.Runner.PostProcessingAssemblyLoadContext[0]
      ALC ILPP context 1 is unloading
debugger-agent: Unable to listen on 85
[usbmuxd] Stop listen thread
[usbmuxd] Error: 
[usbmuxd] Listen thread exiting
Checking for leaked weakptr:
  Found no leaked weakptrs.
[Package Manager] Server process was shutdown
##utp:{"type":"MemoryLeaks","version":2,"phase":"Immediate","time":1790615931662,"processId":41068,"allocatedMemory":51307211,"memoryLabels":[{"Default":227722},{"Permanent":15672},{"Thread":1055928},{"Manager":814974},{"VertexData":8},{"Geometry":408},{"Texture":24},{"Shader":860080},{"Material":24},{"GfxDevice":42920},{"GfxThread":2240},{"Animation":88520},{"Audio":1616},{"FreeType":8},{"FontEngine":736},{"Physics":2178},{"Physics2D":16},{"Serialization":184264},{"Input":43216},{"JobScheduler":448},{"TextLib":14763},{"Mono":56},{"MonoCode":864},{"ScriptingNativeRuntime":155024},{"BaseObject":1757937},{"Resource":984},{"Renderer":3600},{"Transform":4693},{"File":6762},{"WebCam":32},{"Culling":32},{"Terrain":11346},{"Wind":24},{"String":11338},{"StaticString":4140},{"Utility":2689152},{"PoolAlloc":2728},{"AI":80},{"TypeTree":19797},{"CodeReload":448},{"RuntimeInitializeOnLoadManager":64},{"Sprites":102},{"SpriteAtlas":120},{"GI":7240},{"CloudService":7456},{"WebRequest":4667},{"VR":46890},{"SceneManager":616},{"Video":2112},{"LazyScriptCache":32},{"NativeArray":33045320},{"Camera":17},{"Secure":9945},{"SerializationCache":1576},{"APIUpdating":10320},{"Subsystems":336},{"VirtualTexturing":57504},{"StaticSafetyDebugInfo":278528},{"Baselib":16},{"Analytics":528},{"Hierarchy":1608},{"UIElements":283736},{"CoreStats":13768},{"Identifiers":6768},{"Gui":280937},{"EditorUtility":220386},{"VersionControl":8},{"Undo":939},{"AssetDatabase":9015802},{"AssetImporter":40},{"EditorGi":328},{"UnityConnect":40042},{"Upm":1788},{"UpmDiagnostics":8},{"AssetCompliance":64},{"DrivenProperties":72},{"HubClient":848},{"LocalIPC":204},{"ProfilerEditor":9738},{"CoreBusinessMetrics":3085},{"Windowing":416},{"Licensing":960},{"AssetReference":32},{"IPCStream":6811}]}
